-- phpMyAdmin SQL Dump
-- version 5.0.2
-- https://www.phpmyadmin.net/
--
-- Host: 127.0.0.1
-- Tempo de geração: 14-Jun-2021 às 04:47
-- Versão do servidor: 10.4.13-MariaDB
-- versão do PHP: 7.4.8

SET SQL_MODE = "NO_AUTO_VALUE_ON_ZERO";
START TRANSACTION;
SET time_zone = "+00:00";


/*!40101 SET @OLD_CHARACTER_SET_CLIENT=@@CHARACTER_SET_CLIENT */;
/*!40101 SET @OLD_CHARACTER_SET_RESULTS=@@CHARACTER_SET_RESULTS */;
/*!40101 SET @OLD_COLLATION_CONNECTION=@@COLLATION_CONNECTION */;
/*!40101 SET NAMES utf8mb4 */;

--
-- Banco de dados: `les_db`
--

DELIMITER $$
--
-- Procedimentos
--
CREATE DEFINER=`root`@`localhost` PROCEDURE `inativarCarrinhos` ()  NO SQL
UPDATE carrinhos as car SET car.status = 0 WHERE car.status = 1 and DATEDIFF(CURDATE(), dataAlteracao ) > (SELECT valor from configuracoes WHERE id = 3)$$

CREATE DEFINER=`root`@`localhost` PROCEDURE `inativarLivros` ()  NO SQL
UPDATE livros SET livros.status = 4 WHERE livros.id IN (
	SELECT le.livroId from livros_estoque as le
	where
		(SELECT IFNULL(sum(le2.quantidade), 0) from livros_estoque as le2
			where le2.tipoMovimentacao = 2
			and
			livroId = le.livroId
			group by le2.livroId) < (SELECT valor from configuracoes WHERE id = 1)		
		and
		DATEDIFF(
			CURDATE(),
			(SELECT livros.dataAtivacao FROM livros WHERE livros.id = le.livroId)
		) > (SELECT valor from configuracoes WHERE id = 2)
	group by le.livroId
) OR livros.id IN (
	SELECT ll.id from livros as ll
	where
		(SELECT sum(le2.quantidade) as soma from livros_estoque as le2
			where le2.tipoMovimentacao = 2
			and
			livroId = ll.id
			group by le2.livroId) IS NULL		
		and
		DATEDIFF(
			CURDATE(),
			ll.dataAtivacao) > (SELECT valor from configuracoes WHERE id = 2)
	group by ll.id
)$$

DELIMITER ;

-- --------------------------------------------------------

--
-- Estrutura da tabela `autores`
--

CREATE TABLE `autores` (
  `id` bigint(20) NOT NULL,
  `dataCadastro` date NOT NULL,
  `nome` varchar(255) COLLATE utf8_unicode_ci NOT NULL,
  `resumo` varchar(255) COLLATE utf8_unicode_ci NOT NULL
) ENGINE=InnoDB DEFAULT CHARSET=utf8 COLLATE=utf8_unicode_ci;

--
-- Extraindo dados da tabela `autores`
--

INSERT INTO `autores` (`id`, `dataCadastro`, `nome`, `resumo`) VALUES
(1, '2021-04-12', 'Autor teste', 'teste'),
(2, '2021-04-12', 'Agatha Christie', 'autora de livros de suspense');

-- --------------------------------------------------------

--
-- Estrutura da tabela `bairros`
--

CREATE TABLE `bairros` (
  `id` bigint(20) NOT NULL,
  `dataCadastro` date NOT NULL,
  `descricao` varchar(255) COLLATE utf8_unicode_ci NOT NULL,
  `idCidade` bigint(20) NOT NULL
) ENGINE=InnoDB DEFAULT CHARSET=utf8 COLLATE=utf8_unicode_ci;

--
-- Extraindo dados da tabela `bairros`
--

INSERT INTO `bairros` (`id`, `dataCadastro`, `descricao`, `idCidade`) VALUES
(2, '2021-03-01', 'Perdizes', 5),
(3, '2021-03-01', 'Vila Oliveira', 3),
(4, '2021-03-01', 'Vila Formosa', 5),
(5, '2021-03-01', 'Rodeio', 3),
(6, '2021-03-02', 'Vila Nair', 5),
(7, '2021-03-02', 'Vila Portuguesa', 5),
(8, '2021-03-02', 'Leblon', 6),
(9, '2021-03-02', 'Jardim José Sampaio Júnior', 7),
(10, '2021-03-02', 'Jardim Torrão de Ouro', 8),
(11, '2021-03-02', 'Tucuruvi', 5),
(12, '2021-03-02', 'Vila Mogilar', 3),
(13, '2021-03-02', 'César de Souza', 3),
(14, '2021-03-02', 'Shangai', 3),
(15, '2021-03-02', 'Mogilar', 3),
(16, '2021-03-02', 'Jardim dos Colibris', 9),
(18, '2021-04-13', 'Jardim Armênia', 3),
(19, '2021-04-25', 'Caiçaras', 11),
(20, '2021-04-25', 'Trem', 12),
(21, '2021-06-03', 'Test county', 13);

-- --------------------------------------------------------

--
-- Estrutura da tabela `bandeiras`
--

CREATE TABLE `bandeiras` (
  `id` bigint(20) NOT NULL,
  `dataCadastro` date NOT NULL,
  `nome` varchar(255) COLLATE utf8_unicode_ci NOT NULL
) ENGINE=InnoDB DEFAULT CHARSET=utf8 COLLATE=utf8_unicode_ci;

--
-- Extraindo dados da tabela `bandeiras`
--

INSERT INTO `bandeiras` (`id`, `dataCadastro`, `nome`) VALUES
(1, '2021-04-12', 'Visa'),
(2, '2021-04-12', 'MasterCard');

-- --------------------------------------------------------

--
-- Estrutura da tabela `bloqueios_produtos`
--

CREATE TABLE `bloqueios_produtos` (
  `id` bigint(20) NOT NULL,
  `dataEntrada` date NOT NULL,
  `quantidade` int(11) NOT NULL,
  `idLivro` bigint(20) NOT NULL,
  `idCarrinho` bigint(20) NOT NULL
) ENGINE=InnoDB DEFAULT CHARSET=utf8 COLLATE=utf8_unicode_ci;

--
-- Extraindo dados da tabela `bloqueios_produtos`
--

INSERT INTO `bloqueios_produtos` (`id`, `dataEntrada`, `quantidade`, `idLivro`, `idCarrinho`) VALUES
(94, '2021-04-27', 12, 6, 99),
(98, '2021-04-27', 12, 6, 102),
(102, '2021-04-27', 12, 6, 105),
(106, '2021-04-27', 12, 6, 108),
(110, '2021-04-27', 2, 6, 111),
(111, '2021-04-27', 12, 6, 112),
(119, '2021-05-08', 12, 6, 116),
(123, '2021-05-08', 12, 6, 119),
(127, '2021-05-09', 12, 6, 122),
(132, '2021-05-09', 12, 6, 125),
(136, '2021-05-09', 4, 6, 128),
(140, '2021-05-09', 4, 6, 131),
(144, '2021-05-09', 7, 6, 134),
(150, '2021-05-09', 4, 6, 137),
(154, '2021-05-09', 12, 6, 140),
(158, '2021-05-09', 12, 6, 143),
(162, '2021-05-09', 4, 6, 146),
(166, '2021-05-09', 12, 6, 149),
(170, '2021-05-09', 12, 6, 152),
(178, '2021-05-09', 12, 6, 155),
(179, '2021-05-09', 4, 7, 155),
(180, '2021-05-09', 12, 6, 156),
(181, '2021-05-09', 4, 7, 156),
(184, '2021-05-09', 12, 6, 158),
(185, '2021-05-09', 4, 7, 158),
(186, '2021-05-09', 4, 6, 159),
(187, '2021-05-09', 11, 7, 159),
(188, '2021-05-09', 7, 6, 160),
(189, '2021-05-09', 4, 7, 160),
(190, '2021-05-09', 4, 6, 161),
(191, '2021-05-09', 4, 7, 161),
(194, '2021-05-09', 12, 6, 163),
(195, '2021-05-09', 4, 7, 163),
(196, '2021-05-09', 12, 6, 164),
(197, '2021-05-09', 7, 7, 164),
(198, '2021-05-09', 12, 6, 165),
(199, '2021-05-09', 4, 7, 165),
(200, '2021-05-09', 12, 6, 166),
(201, '2021-05-09', 4, 7, 166),
(202, '2021-05-09', 12, 6, 167),
(203, '2021-05-09', 4, 7, 167),
(206, '2021-05-09', 12, 6, 170),
(207, '2021-05-09', 4, 7, 170),
(210, '2021-05-09', 12, 6, 173),
(211, '2021-05-09', 4, 7, 173),
(214, '2021-05-09', 12, 6, 176),
(215, '2021-05-09', 4, 7, 176),
(218, '2021-05-11', 12, 6, 179),
(219, '2021-05-11', 4, 7, 179),
(222, '2021-05-11', 12, 6, 182),
(223, '2021-05-11', 4, 7, 182),
(226, '2021-05-11', 12, 6, 185),
(227, '2021-05-11', 4, 7, 185),
(230, '2021-05-11', 12, 6, 188),
(231, '2021-05-11', 4, 7, 188),
(236, '2021-05-11', 12, 6, 191),
(237, '2021-05-11', 4, 7, 191),
(240, '2021-05-11', 12, 6, 194),
(241, '2021-05-11', 4, 7, 194),
(246, '2021-05-11', 12, 6, 197),
(247, '2021-05-11', 4, 7, 197),
(250, '2021-05-11', 12, 6, 200),
(251, '2021-05-11', 4, 7, 200),
(254, '2021-05-11', 12, 6, 203),
(255, '2021-05-11', 4, 7, 203),
(260, '2021-05-11', 12, 6, 206),
(261, '2021-05-11', 4, 7, 206),
(266, '2021-05-11', 12, 6, 209),
(267, '2021-05-11', 4, 7, 209),
(270, '2021-05-11', 1, 6, 212),
(301, '2021-06-04', 5, 7, 216),
(302, '2021-06-04', 1, 9, 216),
(304, '2021-06-04', 5, 7, 217),
(305, '2021-06-04', 1, 9, 217),
(307, '2021-06-04', 5, 7, 218),
(308, '2021-06-04', 1, 9, 218),
(310, '2021-06-04', 5, 7, 220),
(311, '2021-06-04', 1, 9, 220),
(318, '2021-06-04', 5, 7, 223),
(319, '2021-06-04', 1, 9, 223),
(322, '2021-06-04', 5, 7, 224),
(323, '2021-06-04', 1, 9, 224),
(327, '2021-06-04', 5, 7, 225),
(328, '2021-06-04', 1, 9, 225),
(329, '2021-06-04', 5, 7, 226),
(330, '2021-06-04', 5, 7, 227),
(331, '2021-06-04', 1, 9, 227),
(332, '2021-06-04', 5, 7, 228),
(333, '2021-06-04', 1, 9, 228),
(345, '2021-06-05', 5, 7, 236),
(346, '2021-06-05', 1, 9, 236),
(349, '2021-06-05', 5, 7, 239),
(350, '2021-06-05', 1, 9, 239),
(381, '2021-06-05', 5, 7, 260),
(382, '2021-06-05', 1, 9, 260),
(401, '2021-06-09', 5, 7, 268),
(402, '2021-06-09', 1, 9, 268),
(404, '2021-06-09', 5, 7, 270),
(405, '2021-06-09', 1, 9, 270),
(408, '2021-06-13', 1, 11, 273),
(409, '2021-06-13', 1, 11, 274),
(410, '2021-06-13', 1, 11, 275),
(417, '2021-06-13', 5, 7, 278),
(418, '2021-06-13', 1, 9, 278),
(423, '2021-06-13', 5, 7, 281),
(424, '2021-06-13', 1, 9, 281),
(427, '2021-06-13', 5, 7, 284),
(428, '2021-06-13', 1, 9, 284);

-- --------------------------------------------------------

--
-- Estrutura da tabela `carrinhos`
--

CREATE TABLE `carrinhos` (
  `id` bigint(20) NOT NULL,
  `dataCadastro` date NOT NULL,
  `idUsuario` bigint(20) NOT NULL,
  `status` smallint(6) NOT NULL,
  `dataAlteracao` date DEFAULT NULL
) ENGINE=InnoDB DEFAULT CHARSET=utf8 COLLATE=utf8_unicode_ci;

--
-- Extraindo dados da tabela `carrinhos`
--

INSERT INTO `carrinhos` (`id`, `dataCadastro`, `idUsuario`, `status`, `dataAlteracao`) VALUES
(3, '2021-04-13', 34, 0, '2021-04-13'),
(4, '2021-04-13', 34, 2, NULL),
(5, '2021-04-13', 34, 2, NULL),
(6, '2021-04-13', 34, 2, NULL),
(7, '2021-04-13', 34, 2, NULL),
(8, '2021-04-13', 34, 2, NULL),
(9, '2021-04-13', 34, 2, NULL),
(10, '2021-04-13', 34, 2, '2021-04-27'),
(11, '2021-04-13', 34, 2, '2021-04-27'),
(12, '2021-04-13', 34, 2, '2021-04-27'),
(13, '2021-04-13', 34, 2, '2021-04-27'),
(14, '2021-04-13', 34, 2, '2021-04-27'),
(15, '2021-04-13', 34, 2, '2021-04-27'),
(16, '2021-04-13', 34, 2, '2021-04-27'),
(17, '2021-04-13', 34, 2, '2021-04-27'),
(18, '2021-04-13', 34, 2, '2021-04-27'),
(19, '2021-04-13', 34, 2, NULL),
(20, '2021-04-13', 34, 2, '2021-04-27'),
(21, '2021-04-15', 34, 2, '2021-04-27'),
(22, '2021-04-15', 34, 2, '2021-04-27'),
(23, '2021-04-15', 34, 2, '2021-04-27'),
(24, '2021-04-16', 34, 2, '2021-04-27'),
(25, '2021-04-16', 34, 2, '2021-04-27'),
(26, '2021-04-16', 34, 2, NULL),
(27, '2021-04-18', 34, 2, NULL),
(28, '2021-04-18', 34, 2, NULL),
(29, '2021-04-18', 34, 2, '2021-04-27'),
(30, '2021-04-19', 34, 2, '2021-04-27'),
(31, '2021-04-19', 34, 2, '2021-04-27'),
(32, '2021-04-19', 34, 2, '2021-04-27'),
(33, '2021-04-20', 34, 2, '2021-04-26'),
(34, '2021-04-22', 34, 2, '2021-04-27'),
(35, '2021-04-22', 34, 2, '2021-04-27'),
(36, '2021-04-22', 34, 2, '2021-04-27'),
(37, '2021-04-22', 34, 2, '2021-04-27'),
(38, '2021-04-22', 34, 2, '2021-04-27'),
(39, '2021-04-24', 90, 2, '2021-04-27'),
(40, '2021-04-24', 90, 2, '2021-04-26'),
(41, '2021-04-24', 90, 2, '2021-04-27'),
(42, '2021-04-24', 90, 2, '2021-04-27'),
(43, '2021-04-25', 91, 2, '2021-04-27'),
(44, '2021-04-25', 91, 2, '2021-04-26'),
(45, '2021-04-25', 91, 2, '2021-04-26'),
(46, '2021-04-25', 91, 2, '2021-04-26'),
(47, '2021-04-25', 91, 2, NULL),
(48, '2021-04-25', 90, 1, NULL),
(49, '2021-04-25', 91, 2, NULL),
(50, '2021-04-25', 91, 2, NULL),
(51, '2021-04-25', 91, 2, '2021-04-26'),
(52, '2021-04-25', 91, 2, NULL),
(53, '2021-04-25', 91, 2, '2021-04-07'),
(54, '2021-04-25', 91, 2, '2021-04-25'),
(55, '2021-04-25', 91, 2, '2021-04-26'),
(57, '2021-04-26', 91, 2, '2021-04-26'),
(58, '2021-04-26', 91, 2, '2021-04-26'),
(59, '2021-04-26', 91, 2, '2021-04-26'),
(60, '2021-04-26', 91, 2, '2021-04-26'),
(61, '2021-04-26', 91, 2, '2021-04-27'),
(62, '2021-04-26', 91, 2, '2021-04-27'),
(63, '2021-04-26', 91, 2, '2021-04-27'),
(64, '2021-04-26', 91, 2, '2021-04-27'),
(65, '2021-04-26', 91, 2, '2021-04-27'),
(66, '2021-04-26', 91, 2, '2021-05-08'),
(67, '2021-04-26', 91, 2, '2021-04-27'),
(68, '2021-04-26', 91, 2, '2021-04-27'),
(69, '2021-04-26', 91, 2, '2021-04-27'),
(70, '2021-04-26', 91, 2, '2021-04-27'),
(71, '2021-04-26', 91, 2, '2021-04-27'),
(72, '2021-04-26', 91, 2, '2021-04-27'),
(73, '2021-04-26', 91, 2, '2021-04-27'),
(74, '2021-04-26', 91, 2, '2021-04-27'),
(75, '2021-04-26', 91, 2, '2021-04-27'),
(76, '2021-04-26', 91, 2, '2021-04-27'),
(77, '2021-04-26', 91, 2, '2021-04-27'),
(78, '2021-04-26', 91, 2, '2021-04-27'),
(79, '2021-04-26', 91, 2, '2021-04-27'),
(80, '2021-04-26', 91, 2, '2021-04-27'),
(81, '2021-04-26', 91, 2, '2021-04-27'),
(82, '2021-04-26', 91, 2, '2021-04-26'),
(83, '2021-04-26', 91, 2, '2021-04-27'),
(84, '2021-04-26', 91, 2, '2021-04-26'),
(85, '2021-04-26', 91, 2, '2021-04-27'),
(86, '2021-04-26', 91, 2, '2021-05-09'),
(87, '2021-04-26', 91, 2, '2021-05-09'),
(88, '2021-04-26', 91, 2, '2021-05-09'),
(89, '2021-04-26', 91, 2, '2021-05-09'),
(90, '2021-04-26', 91, 2, '2021-05-09'),
(91, '2021-04-26', 91, 2, '2021-05-09'),
(92, '2021-04-26', 91, 2, '2021-05-09'),
(93, '2021-04-26', 91, 2, '2021-05-09'),
(94, '2021-04-26', 91, 2, '2021-04-26'),
(95, '2021-04-26', 91, 2, '2021-04-26'),
(96, '2021-04-27', 91, 2, '2021-04-27'),
(97, '2021-04-27', 91, 2, '2021-04-27'),
(98, '2021-04-27', 91, 2, '2021-04-27'),
(99, '2021-04-27', 91, 2, '2021-04-27'),
(100, '2021-04-27', 91, 2, '2021-04-27'),
(101, '2021-04-27', 91, 2, '2021-04-27'),
(102, '2021-04-27', 91, 2, '2021-04-27'),
(103, '2021-04-27', 91, 2, '2021-04-27'),
(104, '2021-04-27', 91, 2, '2021-04-27'),
(105, '2021-04-27', 91, 2, '2021-04-27'),
(106, '2021-04-27', 91, 2, '2021-04-27'),
(107, '2021-04-27', 91, 2, '2021-04-27'),
(108, '2021-04-27', 91, 2, '2021-04-27'),
(109, '2021-04-27', 91, 2, '2021-04-27'),
(110, '2021-04-27', 91, 2, '2021-04-27'),
(111, '2021-04-27', 91, 2, '2021-04-27'),
(112, '2021-04-27', 91, 2, '2021-05-11'),
(113, '2021-04-27', 91, 2, '2021-05-07'),
(114, '2021-05-03', 91, 2, '2021-05-08'),
(115, '2021-05-08', 91, 2, '2021-05-08'),
(116, '2021-05-08', 91, 2, '2021-05-08'),
(117, '2021-05-08', 91, 2, '2021-05-08'),
(118, '2021-05-08', 91, 2, '2021-05-08'),
(119, '2021-05-08', 91, 2, '2021-05-08'),
(120, '2021-05-08', 91, 2, '2021-05-08'),
(121, '2021-05-08', 91, 2, '2021-05-11'),
(122, '2021-05-09', 91, 2, '2021-05-09'),
(123, '2021-05-09', 91, 2, '2021-05-09'),
(124, '2021-05-09', 91, 2, '2021-05-09'),
(125, '2021-05-09', 91, 2, '2021-05-09'),
(126, '2021-05-09', 91, 2, '2021-06-04'),
(127, '2021-05-09', 91, 2, '2021-06-04'),
(128, '2021-05-09', 91, 2, '2021-06-04'),
(129, '2021-05-09', 91, 2, '2021-05-09'),
(130, '2021-05-09', 91, 2, '2021-05-09'),
(131, '2021-05-09', 91, 2, '2021-06-04'),
(132, '2021-05-09', 91, 2, '2021-05-09'),
(133, '2021-05-09', 91, 2, '2021-06-04'),
(134, '2021-05-09', 91, 2, '2021-06-04'),
(135, '2021-05-09', 91, 2, '2021-06-04'),
(136, '2021-05-09', 91, 2, '2021-05-09'),
(137, '2021-05-09', 91, 2, '2021-06-04'),
(138, '2021-05-09', 91, 2, '2021-05-09'),
(139, '2021-05-09', 91, 2, '2021-05-09'),
(140, '2021-05-09', 91, 2, '2021-05-09'),
(141, '2021-05-09', 91, 2, '2021-05-09'),
(142, '2021-05-09', 91, 2, '2021-05-09'),
(143, '2021-05-09', 91, 2, '2021-05-09'),
(144, '2021-05-09', 91, 2, '2021-05-09'),
(145, '2021-05-09', 91, 2, '2021-05-09'),
(146, '2021-05-09', 91, 2, '2021-06-05'),
(147, '2021-05-09', 91, 2, '2021-05-09'),
(148, '2021-05-09', 91, 2, '2021-05-09'),
(149, '2021-05-09', 91, 2, '2021-05-09'),
(150, '2021-05-09', 91, 2, '2021-05-09'),
(151, '2021-05-09', 91, 2, '2021-05-09'),
(152, '2021-05-09', 91, 2, '2021-05-09'),
(153, '2021-05-09', 91, 2, '2021-05-09'),
(154, '2021-05-09', 91, 2, '2021-05-09'),
(155, '2021-05-09', 91, 2, '2021-05-09'),
(156, '2021-05-09', 91, 2, '2021-05-09'),
(157, '2021-05-09', 91, 2, '2021-05-09'),
(158, '2021-05-09', 91, 2, '2021-05-09'),
(159, '2021-05-09', 91, 2, '2021-06-09'),
(160, '2021-05-09', 91, 2, '2021-06-09'),
(161, '2021-05-09', 91, 2, '2021-06-09'),
(162, '2021-05-09', 91, 2, '2021-05-09'),
(163, '2021-05-09', 91, 2, '2021-05-09'),
(164, '2021-05-09', 91, 2, '2021-06-13'),
(165, '2021-05-09', 91, 2, '2021-05-09'),
(166, '2021-05-09', 91, 2, '2021-06-13'),
(167, '2021-05-09', 91, 2, '2021-05-09'),
(168, '2021-05-09', 91, 2, '2021-05-09'),
(169, '2021-05-09', 91, 2, '2021-05-09'),
(170, '2021-05-09', 91, 2, '2021-05-09'),
(171, '2021-05-09', 91, 2, '2021-05-09'),
(172, '2021-05-09', 91, 2, '2021-05-09'),
(173, '2021-05-09', 91, 2, '2021-05-09'),
(174, '2021-05-09', 91, 2, '2021-05-09'),
(175, '2021-05-09', 91, 2, '2021-05-09'),
(176, '2021-05-09', 91, 2, '2021-05-09'),
(177, '2021-05-09', 91, 2, '2021-05-09'),
(178, '2021-05-09', 91, 2, '2021-05-09'),
(179, '2021-05-11', 91, 2, '2021-05-11'),
(180, '2021-05-11', 91, 2, '2021-05-11'),
(181, '2021-05-11', 91, 2, '2021-05-11'),
(182, '2021-05-11', 91, 2, '2021-05-11'),
(183, '2021-05-11', 91, 2, '2021-05-11'),
(184, '2021-05-11', 91, 2, '2021-05-11'),
(185, '2021-05-11', 91, 2, '2021-05-11'),
(186, '2021-05-11', 91, 2, '2021-05-11'),
(187, '2021-05-11', 91, 2, '2021-05-11'),
(188, '2021-05-11', 91, 2, '2021-05-11'),
(189, '2021-05-11', 91, 2, '2021-05-11'),
(190, '2021-05-11', 91, 2, '2021-05-11'),
(191, '2021-05-11', 91, 2, '2021-05-11'),
(192, '2021-05-11', 91, 2, '2021-05-11'),
(193, '2021-05-11', 91, 2, '2021-05-11'),
(194, '2021-05-11', 91, 2, '2021-05-11'),
(195, '2021-05-11', 91, 2, '2021-05-11'),
(196, '2021-05-11', 91, 2, '2021-05-11'),
(197, '2021-05-11', 91, 2, '2021-05-11'),
(198, '2021-05-11', 91, 2, '2021-05-11'),
(199, '2021-05-11', 91, 2, '2021-05-11'),
(200, '2021-05-11', 91, 2, '2021-05-11'),
(201, '2021-05-11', 91, 2, '2021-05-11'),
(202, '2021-05-11', 91, 2, '2021-05-11'),
(203, '2021-05-11', 91, 2, '2021-05-11'),
(204, '2021-05-11', 91, 2, '2021-05-11'),
(205, '2021-05-11', 91, 2, '2021-05-11'),
(206, '2021-05-11', 91, 2, '2021-05-11'),
(207, '2021-05-11', 91, 2, '2021-05-11'),
(208, '2021-05-11', 91, 2, '2021-05-11'),
(209, '2021-05-11', 91, 2, '2021-05-11'),
(210, '2021-05-11', 91, 2, '2021-05-11'),
(212, '2021-05-11', 91, 2, '2021-05-11'),
(213, '2021-05-22', 91, 2, '2021-05-22'),
(214, '2021-05-25', 91, 2, '2021-06-04'),
(215, '2021-06-04', 91, 2, '2021-06-04'),
(216, '2021-06-04', 91, 2, '2021-06-04'),
(217, '2021-06-04', 91, 2, '2021-06-04'),
(218, '2021-06-04', 91, 2, '2021-06-04'),
(219, '2021-06-04', 91, 2, '2021-06-04'),
(220, '2021-06-04', 91, 2, '2021-06-04'),
(221, '2021-06-04', 91, 2, '2021-06-04'),
(222, '2021-06-04', 91, 2, '2021-06-04'),
(223, '2021-06-04', 91, 2, '2021-06-04'),
(224, '2021-06-04', 91, 2, '2021-06-04'),
(225, '2021-06-04', 91, 2, '2021-06-04'),
(226, '2021-06-04', 91, 2, '2021-06-04'),
(227, '2021-06-04', 91, 2, '2021-06-04'),
(228, '2021-06-04', 91, 2, '2021-06-04'),
(229, '2021-06-04', 91, 2, '2021-06-04'),
(230, '2021-06-04', 91, 2, '2021-06-05'),
(231, '2021-06-04', 91, 2, '2021-06-04'),
(232, '2021-06-04', 91, 2, '2021-06-04'),
(233, '2021-06-05', 91, 2, '2021-06-05'),
(234, '2021-06-05', 91, 2, '2021-06-05'),
(235, '2021-06-05', 91, 2, '2021-06-05'),
(236, '2021-06-05', 91, 2, '2021-06-05'),
(237, '2021-06-05', 91, 2, '2021-06-05'),
(238, '2021-06-05', 91, 2, '2021-06-05'),
(239, '2021-06-05', 91, 2, '2021-06-05'),
(240, '2021-06-05', 91, 2, '2021-06-05'),
(241, '2021-06-05', 91, 2, '2021-06-05'),
(242, '2021-06-05', 91, 2, '2021-06-05'),
(243, '2021-06-05', 91, 2, '2021-06-05'),
(244, '2021-06-05', 91, 2, '2021-06-05'),
(245, '2021-06-05', 91, 2, '2021-06-05'),
(246, '2021-06-05', 91, 2, '2021-06-05'),
(247, '2021-06-05', 91, 2, '2021-06-05'),
(248, '2021-06-05', 91, 2, '2021-06-05'),
(249, '2021-06-05', 91, 2, '2021-06-05'),
(250, '2021-06-05', 91, 2, '2021-06-05'),
(251, '2021-06-05', 91, 2, '2021-06-05'),
(252, '2021-06-05', 91, 2, '2021-06-05'),
(253, '2021-06-05', 91, 2, '2021-06-05'),
(254, '2021-06-05', 91, 2, '2021-06-05'),
(255, '2021-06-05', 91, 2, '2021-06-05'),
(256, '2021-06-05', 91, 2, '2021-06-05'),
(257, '2021-06-05', 91, 2, '2021-06-05'),
(258, '2021-06-05', 91, 2, '2021-06-05'),
(259, '2021-06-05', 91, 2, '2021-06-05'),
(260, '2021-06-05', 91, 2, '2021-06-05'),
(261, '2021-06-05', 91, 2, '2021-06-05'),
(262, '2021-06-05', 91, 2, '2021-06-05'),
(263, '2021-06-05', 91, 2, '2021-06-09'),
(264, '2021-06-05', 91, 2, '2021-06-05'),
(265, '2021-06-05', 91, 2, '2021-06-05'),
(266, '2021-06-05', 91, 2, '2021-06-09'),
(267, '2021-06-09', 91, 2, '2021-06-09'),
(268, '2021-06-09', 91, 2, '2021-06-09'),
(269, '2021-06-09', 91, 2, '2021-06-09'),
(270, '2021-06-09', 91, 2, '2021-06-09'),
(271, '2021-06-09', 91, 2, '2021-06-09'),
(272, '2021-06-09', 91, 2, '2021-06-09'),
(273, '2021-06-13', 91, 2, '2021-06-13'),
(274, '2021-06-13', 91, 2, '2021-06-13'),
(275, '2021-06-13', 91, 2, '2021-06-13'),
(276, '2021-06-13', 91, 2, '2021-06-13'),
(277, '2021-06-13', 91, 2, '2021-06-13'),
(278, '2021-06-13', 91, 2, '2021-06-13'),
(279, '2021-06-13', 91, 2, '2021-06-13'),
(280, '2021-06-13', 91, 2, '2021-06-13'),
(281, '2021-06-13', 91, 2, '2021-06-13'),
(282, '2021-06-13', 91, 2, '2021-06-13'),
(283, '2021-06-13', 91, 2, '2021-06-13'),
(284, '2021-06-13', 91, 2, '2021-06-13'),
(285, '2021-06-13', 91, 2, '2021-06-13'),
(286, '2021-06-13', 91, 2, '2021-06-13');

-- --------------------------------------------------------

--
-- Estrutura da tabela `carrinhos_produtos`
--

CREATE TABLE `carrinhos_produtos` (
  `idCarrinhoProduto` bigint(20) NOT NULL,
  `idCarrinho` bigint(20) NOT NULL,
  `idProduto` bigint(20) NOT NULL,
  `quantidade` int(11) NOT NULL,
  `quantidadeItensTrocados` int(11) DEFAULT NULL,
  `precoMomentoCompra` double DEFAULT NULL
) ENGINE=InnoDB DEFAULT CHARSET=utf8 COLLATE=utf8_unicode_ci;

--
-- Extraindo dados da tabela `carrinhos_produtos`
--

INSERT INTO `carrinhos_produtos` (`idCarrinhoProduto`, `idCarrinho`, `idProduto`, `quantidade`, `quantidadeItensTrocados`, `precoMomentoCompra`) VALUES
(1, 1, 6, 15, NULL, 0),
(6, 1, 7, 9, NULL, 0),
(7, 2, 6, 1, NULL, 0),
(8, 3, 6, 10, NULL, 0),
(9, 4, 6, 5, 1, 0),
(10, 5, 6, 2, NULL, 0),
(11, 6, 6, 2, NULL, 0),
(12, 7, 6, 3, NULL, 0),
(13, 8, 6, 1, NULL, 0),
(14, 9, 6, 1, NULL, 0),
(15, 10, 6, 2, NULL, 0),
(16, 11, 6, 2, NULL, 0),
(20, 12, 6, 12, NULL, 0),
(26, 13, 6, 12, NULL, 0),
(28, 14, 6, 12, NULL, 0),
(30, 15, 6, 12, NULL, 0),
(32, 16, 6, 12, NULL, 0),
(34, 17, 6, 12, NULL, 0),
(36, 18, 6, 12, NULL, 0),
(38, 19, 6, 11, 0, 0),
(40, 20, 6, 2, NULL, 0),
(41, 20, 7, 2, NULL, 0),
(42, 21, 6, 2, NULL, 0),
(43, 22, 6, 2, NULL, 0),
(44, 23, 6, 4, NULL, 0),
(45, 24, 7, 10, NULL, 0),
(48, 25, 7, 24, NULL, 0),
(49, 26, 7, 0, 3, 0),
(50, 27, 7, 1, 0, NULL),
(51, 28, 7, 1, 0, NULL),
(52, 29, 7, 3, 0, NULL),
(53, 30, 7, 6, 0, NULL),
(54, 31, 7, 6, 0, NULL),
(55, 32, 7, 6, 0, NULL),
(56, 33, 6, 2, 0, 1),
(57, 33, 7, 2, 1, 5),
(58, 34, 6, 5, 0, 52),
(59, 34, 7, 1, 0, 260),
(60, 35, 6, 1, 0, 52),
(61, 36, 6, 1, 0, 52),
(62, 37, 6, 1, 0, 52),
(63, 38, 6, 1, 0, 52),
(64, 39, 6, 1, 0, 52),
(65, 40, 6, 1, 0, 52),
(66, 41, 6, 7, 0, 52),
(67, 42, 6, 1, 0, 52),
(68, 43, 7, 4, 0, 260),
(69, 43, 6, 1, 0, 52),
(70, 44, 6, 4, 0, 52),
(71, 45, 6, 2, 0, 52),
(72, 46, 6, 2, 0, 52),
(84, 48, 6, 2, 0, NULL),
(86, 47, 6, 2, 0, 52),
(87, 49, 6, 1, 0, 52),
(88, 50, 6, 1, 0, 52),
(89, 51, 6, 1, 0, 52),
(90, 52, 6, 1, 0, 52),
(91, 53, 6, 1, 0, 52),
(92, 54, 6, 1, 0, 52),
(93, 55, 6, 1, 0, 52),
(94, 56, 6, 1, 0, NULL),
(95, 57, 6, 2, 0, 52),
(96, 58, 6, 1, 0, 52),
(97, 59, 6, 1, 0, 52),
(98, 60, 6, 1, 0, 52),
(99, 61, 6, 12, 0, 52),
(105, 62, 6, 12, 0, 52),
(107, 63, 6, 12, 0, 52),
(109, 64, 6, 12, 0, 52),
(113, 65, 6, 12, 0, 52),
(115, 66, 6, 12, 0, 52),
(117, 67, 6, 12, 0, 52),
(119, 68, 6, 12, 0, 52),
(121, 69, 6, 12, 0, 52),
(123, 70, 6, 12, 0, 52),
(127, 71, 6, 12, 0, 52),
(129, 72, 6, 12, 0, 52),
(131, 73, 6, 12, 0, 52),
(133, 74, 6, 12, 0, 52),
(135, 75, 6, 5, 0, 52),
(136, 76, 6, 12, 0, 52),
(139, 77, 6, 5, 0, 52),
(140, 78, 6, 12, 0, 52),
(143, 79, 6, 5, 0, 52),
(144, 80, 6, 12, 0, 52),
(146, 81, 6, 5, 0, 52),
(147, 82, 6, 12, 0, 52),
(149, 83, 6, 12, 0, 52),
(152, 84, 6, 5, 0, 52),
(153, 85, 6, 12, 0, 52),
(155, 86, 6, 5, 0, 52),
(156, 87, 6, 12, 0, 52),
(158, 88, 6, 5, 0, 52),
(159, 89, 6, 12, 0, 52),
(162, 90, 6, 5, 0, 52),
(163, 91, 6, 12, 0, 52),
(165, 92, 6, 5, 0, 52),
(166, 93, 6, 12, 0, 52),
(168, 94, 6, 5, 0, 52),
(169, 95, 6, 2, 0, 52),
(170, 96, 6, 12, 0, 52),
(172, 97, 6, 4, 1, 52),
(173, 98, 6, 2, 0, 52),
(174, 99, 6, 12, 0, 52),
(176, 100, 6, 5, 0, 52),
(177, 101, 6, 2, 0, 52),
(178, 102, 6, 12, 0, 52),
(180, 103, 6, 5, 0, 52),
(181, 104, 6, 2, 0, 52),
(182, 105, 6, 12, 0, 52),
(184, 106, 6, 3, 2, 52),
(185, 107, 6, 2, 0, 52),
(186, 108, 6, 12, 0, 52),
(188, 109, 6, 3, 2, 52),
(189, 110, 6, 2, 0, 52),
(190, 111, 6, 2, 0, 52),
(191, 112, 6, 2, 0, 52),
(192, 113, 6, 2, 0, 52),
(195, 114, 6, 12, 0, 52),
(197, 115, 6, 12, 0, 52),
(199, 116, 6, 12, 0, 52),
(201, 117, 6, 5, 0, 52),
(202, 118, 6, 2, 0, 52),
(203, 119, 6, 12, 0, 52),
(205, 120, 6, 5, 0, 52),
(206, 121, 6, 2, 0, 52),
(207, 122, 6, 12, 0, 52),
(210, 123, 6, 3, 2, 52),
(211, 124, 6, 2, 0, 52),
(212, 125, 6, 12, 0, 52),
(214, 126, 6, 3, 2, 52),
(215, 127, 6, 2, 0, 52),
(216, 128, 6, 12, 0, 52),
(218, 129, 6, 3, 2, 52),
(219, 130, 6, 2, 0, 52),
(220, 131, 6, 12, 0, 52),
(222, 132, 6, 3, 2, 52),
(223, 133, 6, 2, 0, 52),
(224, 134, 6, 12, 0, 52),
(228, 135, 6, 3, 2, 52),
(229, 136, 6, 2, 0, 52),
(230, 137, 6, 12, 0, 52),
(232, 138, 6, 3, 2, 52),
(233, 139, 6, 2, 0, 52),
(234, 140, 6, 12, 0, 52),
(236, 141, 6, 1, 2, 52),
(237, 142, 6, 2, 0, 52),
(238, 143, 6, 12, 0, 52),
(240, 144, 6, 1, 2, 52),
(241, 145, 6, 2, 0, 52),
(242, 146, 6, 12, 0, 52),
(244, 147, 6, 1, 2, 52),
(245, 148, 6, 2, 0, 52),
(246, 149, 6, 12, 0, 52),
(248, 150, 6, 1, 2, 52),
(249, 151, 6, 2, 0, 52),
(250, 152, 6, 12, 0, 52),
(252, 153, 6, 1, 2, 52),
(253, 154, 6, 2, 0, 52),
(258, 155, 6, 12, 0, 52),
(259, 155, 7, 4, 0, 260),
(260, 156, 6, 12, 0, 52),
(261, 156, 7, 4, 0, 260),
(262, 157, 6, 8, 2, 52),
(263, 157, 7, 4, 0, 260),
(264, 158, 6, 12, 0, 52),
(265, 158, 7, 4, 0, 260),
(266, 159, 6, 12, 0, 52),
(267, 159, 7, 4, 0, 260),
(268, 160, 6, 12, 0, 52),
(269, 160, 7, 4, 0, 260),
(270, 161, 6, 12, 0, 52),
(271, 161, 7, 4, 0, 260),
(272, 162, 6, 12, 0, 52),
(273, 162, 7, 4, 0, 260),
(274, 163, 6, 12, 0, 52),
(275, 163, 7, 4, 0, 260),
(276, 164, 6, 12, 0, 52),
(277, 164, 7, 4, 0, 260),
(278, 165, 6, 12, 0, 52),
(279, 165, 7, 4, 0, 260),
(280, 166, 6, 12, 0, 52),
(281, 166, 7, 4, 0, 260),
(282, 167, 6, 12, 0, 52),
(283, 167, 7, 4, 0, 260),
(284, 168, 6, 1, 2, 52),
(285, 169, 6, 2, 0, 52),
(286, 170, 6, 12, 0, 52),
(287, 170, 7, 4, 0, 260),
(288, 171, 6, 1, 2, 52),
(289, 172, 6, 2, 0, 52),
(290, 173, 6, 12, 0, 52),
(291, 173, 7, 4, 0, 260),
(292, 174, 6, 1, 2, 52),
(293, 175, 6, 2, 0, 52),
(294, 176, 6, 12, 0, 52),
(295, 176, 7, 4, 0, 260),
(296, 177, 6, 1, 2, 52),
(297, 178, 6, 2, 0, 52),
(298, 179, 6, 12, 0, 52),
(299, 179, 7, 4, 0, 260),
(300, 180, 6, 1, 2, 52),
(301, 181, 6, 2, 0, 52),
(302, 182, 6, 12, 0, 52),
(303, 182, 7, 4, 0, 260),
(304, 183, 6, 1, 2, 52),
(305, 184, 6, 2, 0, 52),
(306, 185, 6, 12, 0, 52),
(307, 185, 7, 4, 0, 260),
(308, 186, 6, 3, 2, 52),
(309, 187, 6, 2, 0, 52),
(310, 188, 6, 12, 0, 52),
(311, 188, 7, 4, 0, 260),
(312, 189, 6, 1, 2, 52),
(313, 190, 6, 2, 0, 52),
(316, 191, 6, 12, 0, 52),
(317, 191, 7, 4, 0, 260),
(318, 192, 6, 3, 2, 52),
(319, 193, 6, 2, 0, 52),
(320, 194, 6, 12, 0, 52),
(321, 194, 7, 4, 0, 260),
(322, 195, 6, 1, 2, 52),
(323, 196, 6, 2, 0, 52),
(326, 197, 6, 12, 0, 52),
(327, 197, 7, 4, 0, 260),
(328, 198, 6, 1, 2, 52),
(329, 199, 6, 2, 0, 52),
(330, 200, 6, 12, 0, 52),
(331, 200, 7, 4, 0, 260),
(332, 201, 6, 1, 2, 52),
(333, 202, 6, 2, 0, 52),
(334, 203, 6, 12, 0, 52),
(335, 203, 7, 4, 0, 260),
(336, 204, 6, 1, 2, 52),
(337, 205, 6, 2, 0, 52),
(340, 206, 6, 12, 0, 52),
(341, 206, 7, 4, 0, 260),
(342, 207, 6, 1, 2, 52),
(343, 208, 6, 2, 0, 52),
(346, 209, 6, 12, 0, 52),
(347, 209, 7, 4, 0, 260),
(348, 210, 6, 1, 2, 52),
(349, 211, 6, 2, 0, NULL),
(350, 212, 6, 0, 1, 52),
(352, 213, 8, 0, 2, 30),
(369, 214, 7, 5, 0, 300),
(370, 214, 9, 1, 0, 12),
(373, 215, 7, 1, 2, 300),
(374, 215, 9, 1, 0, 12),
(381, 216, 7, 5, 0, 300),
(382, 216, 9, 1, 0, 12),
(384, 217, 7, 5, 0, 300),
(385, 217, 9, 1, 0, 12),
(387, 218, 7, 5, 0, 300),
(388, 218, 9, 1, 0, 12),
(389, 219, 7, 5, 0, 300),
(390, 220, 7, 5, 0, 300),
(391, 220, 9, 1, 0, 12),
(392, 221, 7, 1, 2, 300),
(394, 222, 7, 5, 0, 300),
(395, 222, 9, 1, 0, 12),
(398, 223, 7, 5, 0, 300),
(399, 223, 9, 1, 0, 12),
(402, 224, 7, 5, 0, 300),
(403, 224, 9, 1, 0, 12),
(407, 225, 7, 5, 0, 300),
(408, 225, 9, 1, 0, 12),
(409, 226, 7, 5, 0, 300),
(410, 227, 7, 5, 0, 300),
(411, 227, 9, 1, 0, 12),
(412, 228, 7, 5, 0, 300),
(413, 228, 9, 1, 0, 12),
(414, 229, 7, 5, 0, 300),
(417, 230, 7, 5, 0, 300),
(418, 230, 9, 1, 0, 12),
(419, 231, 7, 1, 2, 300),
(420, 232, 7, 2, 0, 300),
(421, 233, 7, 5, 0, 300),
(422, 233, 9, 1, 0, 12),
(423, 234, 7, 1, 2, 300),
(424, 235, 7, 2, 0, 300),
(425, 236, 7, 5, 0, 300),
(426, 236, 9, 1, 0, 12),
(427, 237, 7, 1, 2, 300),
(428, 238, 7, 2, 0, 300),
(429, 239, 7, 5, 0, 300),
(430, 239, 9, 1, 0, 12),
(431, 240, 7, 5, 0, 300),
(432, 241, 7, 2, 0, 300),
(435, 242, 7, 5, 0, 300),
(436, 242, 9, 1, 0, 12),
(437, 243, 7, 1, 2, 300),
(438, 244, 7, 2, 0, 300),
(439, 245, 7, 5, 0, 300),
(440, 245, 9, 1, 0, 12),
(441, 246, 7, 1, 2, 300),
(442, 247, 7, 2, 0, 300),
(443, 248, 7, 5, 0, 300),
(444, 248, 9, 1, 0, 12),
(445, 249, 7, 1, 2, 300),
(446, 250, 7, 2, 0, 300),
(447, 251, 7, 5, 0, 300),
(448, 251, 9, 1, 0, 12),
(449, 252, 7, 1, 2, 300),
(450, 253, 7, 2, 0, 300),
(453, 254, 7, 5, 0, 300),
(454, 254, 9, 1, 0, 12),
(455, 255, 7, 1, 2, 300),
(456, 256, 7, 2, 0, 300),
(457, 257, 7, 5, 0, 300),
(458, 257, 9, 1, 0, 12),
(459, 258, 7, 0, 1, 300),
(460, 259, 7, 2, 0, 300),
(461, 260, 7, 5, 0, 300),
(462, 260, 9, 1, 0, 12),
(463, 261, 7, 1, 2, 300),
(464, 262, 7, 2, 0, 300),
(465, 263, 7, 5, 0, 300),
(466, 263, 9, 1, 0, 12),
(467, 264, 7, 1, 2, 300),
(468, 265, 7, 2, 0, 300),
(473, 266, 7, 5, 0, 300),
(474, 266, 9, 1, 0, 12),
(477, 267, 7, 5, 0, 300),
(478, 267, 9, 1, 0, 12),
(481, 268, 7, 5, 0, 300),
(482, 268, 9, 1, 0, 12),
(483, 269, 7, 5, 0, 300),
(484, 270, 7, 5, 0, 300),
(485, 270, 9, 1, 0, 12),
(486, 271, 7, 5, 0, 300),
(487, 272, 7, 2, 0, 300),
(488, 273, 11, 1, 0, 15),
(489, 274, 11, 1, 0, 15),
(490, 275, 11, 1, 0, 15),
(491, 276, 7, 5, 0, 300),
(492, 276, 9, 1, 0, 12),
(494, 277, 7, 5, 0, 300),
(495, 277, 9, 1, 0, 12),
(497, 278, 7, 5, 0, 300),
(498, 278, 9, 1, 0, 12),
(499, 279, 7, 5, 5, 300),
(500, 280, 7, 2, 0, 300),
(503, 281, 7, 5, 0, 300),
(504, 281, 9, 1, 0, 12),
(505, 282, 7, 7, 4, 300),
(506, 283, 7, 2, 0, 300),
(507, 284, 7, 5, 0, 300),
(508, 284, 9, 1, 0, 12),
(509, 285, 7, 7, 4, 300),
(510, 286, 7, 2, 0, 300);

-- --------------------------------------------------------

--
-- Estrutura da tabela `cartoes_aprovados`
--

CREATE TABLE `cartoes_aprovados` (
  `id` bigint(20) NOT NULL,
  `nome` varchar(255) COLLATE utf8_unicode_ci NOT NULL,
  `numero` varchar(255) COLLATE utf8_unicode_ci NOT NULL,
  `dataExpiracao` date NOT NULL,
  `cvv` varchar(255) COLLATE utf8_unicode_ci NOT NULL,
  `idBandeira` bigint(20) NOT NULL,
  `limiteDisponivel` double NOT NULL
) ENGINE=InnoDB DEFAULT CHARSET=utf8 COLLATE=utf8_unicode_ci;

--
-- Extraindo dados da tabela `cartoes_aprovados`
--

INSERT INTO `cartoes_aprovados` (`id`, `nome`, `numero`, `dataExpiracao`, `cvv`, `idBandeira`, `limiteDisponivel`) VALUES
(1, 'teste', '1111222233334444', '2022-11-11', '111', 2, 28774.76),
(2, 'cartao novo teste', '5206984449283106', '2022-08-26', '536', 2, 6780);

-- --------------------------------------------------------

--
-- Estrutura da tabela `cartoes_credito`
--

CREATE TABLE `cartoes_credito` (
  `id` bigint(20) NOT NULL,
  `dataCadastro` date NOT NULL,
  `nome` varchar(255) COLLATE utf8_unicode_ci NOT NULL,
  `numero` varchar(255) COLLATE utf8_unicode_ci NOT NULL,
  `dataExpiracao` date NOT NULL,
  `cvv` varchar(255) COLLATE utf8_unicode_ci NOT NULL,
  `idBandeira` bigint(20) NOT NULL,
  `idUsuario` bigint(20) DEFAULT NULL
) ENGINE=InnoDB DEFAULT CHARSET=utf8 COLLATE=utf8_unicode_ci;

--
-- Extraindo dados da tabela `cartoes_credito`
--

INSERT INTO `cartoes_credito` (`id`, `dataCadastro`, `nome`, `numero`, `dataExpiracao`, `cvv`, `idBandeira`, `idUsuario`) VALUES
(1, '2021-04-13', 'teste', '1111111', '1999-11-11', '120', 1, 34),
(2, '2021-04-13', 'dfgd', '454654', '2028-02-22', '124', 2, 34),
(5, '2021-04-15', 'e', '4', '1999-11-11', '2', 1, 34),
(6, '2021-04-15', 'ed', '55', '2060-02-22', '5', 2, 34),
(7, '2021-04-15', '1df', 'dsfdsdfs', '1111-11-11', '124', 2, NULL),
(8, '2021-04-15', 'gfd', 'dgg', '4545-04-13', 'rwer', 1, NULL),
(9, '2021-04-15', 'tete', 'tete', '1111-11-11', '345', 1, NULL),
(11, '2021-04-23', 'teste', '4444555566667777', '1999-02-22', '235', 1, 88),
(12, '2021-04-23', 'teste', '1111222233334444', '1999-11-11', '111', 1, 89),
(13, '2021-04-23', 'testes', '1111222233335555', '2002-02-22', '112', 2, 90),
(14, '2021-04-24', 'teste', '1111222233334444', '2022-11-11', '111', 2, 91),
(15, '2021-04-25', 's', '1234567890123456', '1999-11-11', '111', 2, 91),
(16, '2021-04-25', 'teste', '1234567890123456', '1999-11-11', '111', 1, 92),
(17, '2021-04-25', 'teste', '111122223333444', '1999-11-11', '123', 1, 93),
(18, '2021-04-25', 'teste', '1111222233334444', '1999-11-11', '123', 1, 94),
(19, '2021-04-25', 'testesd', '1234123412341234', '1999-11-11', '123', 2, 94),
(20, '2021-04-25', 'fg', '9876987698769876', '2009-02-22', '124', 1, 94),
(21, '2021-04-26', 'cartao novo teste', '5206984449283106', '2022-08-26', '536', 2, NULL),
(22, '2021-04-26', 'cartao novo teste', '5206984449283106', '2022-08-26', '536', 2, NULL),
(23, '2021-04-26', 'cartao novo teste', '5206984449283106', '2022-08-26', '536', 2, NULL),
(24, '2021-04-26', 'cartao novo teste', '5206984449283106', '2022-08-26', '536', 2, NULL),
(25, '2021-04-26', 'cartao novo teste', '5206984449283106', '2022-08-26', '536', 2, NULL),
(26, '2021-04-26', 'cartao novo teste', '5206984449283106', '2022-08-26', '536', 2, NULL),
(27, '2021-04-26', 'cartao novo teste', '5206984449283106', '2022-08-26', '536', 2, NULL),
(28, '2021-04-26', 'cartao novo teste', '5206984449283106', '2022-08-26', '536', 2, NULL),
(29, '2021-04-26', 'cartao novo teste', '5206984449283106', '2022-08-26', '536', 2, NULL),
(30, '2021-04-26', 'cartao novo teste', '5206984449283106', '2022-08-26', '536', 2, NULL),
(31, '2021-04-27', 'cartao novo teste', '5206984449283106', '2022-08-26', '536', 2, NULL),
(32, '2021-04-27', 'cartao novo teste', '5206984449283106', '2022-08-26', '536', 2, NULL),
(33, '2021-04-27', 'cartao novo teste', '5206984449283106', '2022-08-26', '536', 2, NULL),
(34, '2021-04-27', 'cartao novo teste', '5206984449283106', '2022-08-26', '536', 2, NULL),
(35, '2021-04-27', 'cartao novo teste', '5206984449283106', '2022-08-26', '536', 2, NULL),
(36, '2021-05-08', 'cartao novo teste', '5206984449283106', '2022-08-26', '536', 2, NULL),
(37, '2021-05-08', 'cartao novo teste', '5206984449283106', '2022-08-26', '536', 2, NULL),
(38, '2021-05-09', 'cartao novo teste', '5206984449283106', '2022-08-26', '536', 2, NULL),
(39, '2021-05-09', 'cartao novo teste', '5206984449283106', '2022-08-26', '536', 2, NULL),
(40, '2021-05-09', 'cartao novo teste', '5206984449283106', '2022-08-26', '536', 2, NULL),
(41, '2021-05-09', 'cartao novo teste', '5206984449283106', '2022-08-26', '536', 2, NULL),
(42, '2021-05-09', 'cartao novo teste', '5206984449283106', '2022-08-26', '536', 2, NULL),
(43, '2021-05-09', 'cartao novo teste', '5206984449283106', '2022-08-26', '536', 2, NULL),
(44, '2021-05-09', 'cartao novo teste', '5206984449283106', '2022-08-26', '536', 2, NULL),
(45, '2021-05-09', 'cartao novo teste', '5206984449283106', '2022-08-26', '536', 2, NULL),
(46, '2021-05-09', 'cartao novo teste', '5206984449283106', '2022-08-26', '536', 2, NULL),
(47, '2021-05-09', 'cartao novo teste', '5206984449283106', '2022-08-26', '536', 2, NULL),
(48, '2021-05-09', 'cartao novo teste', '5206984449283106', '2022-08-26', '536', 2, NULL),
(49, '2021-05-09', 'cartao novo teste', '5206984449283106', '2022-08-26', '536', 2, NULL),
(50, '2021-05-09', 'cartao novo teste', '5206984449283106', '2022-08-26', '536', 2, NULL),
(51, '2021-05-09', 'cartao novo teste', '5206984449283106', '2022-08-26', '536', 2, NULL),
(52, '2021-05-09', 'cartao novo teste', '5206984449283106', '2022-08-26', '536', 2, NULL),
(53, '2021-05-11', 'cartao novo teste', '5206984449283106', '2022-08-26', '536', 2, NULL),
(54, '2021-05-11', 'cartao novo teste', '5206984449283106', '2022-08-26', '536', 2, NULL),
(55, '2021-05-11', 'cartao novo teste', '5206984449283106', '2022-08-26', '536', 2, NULL),
(56, '2021-05-11', 'cartao novo teste', '5206984449283106', '2022-08-26', '536', 2, NULL),
(57, '2021-05-11', 'cartao novo teste', '5206984449283106', '2022-08-26', '536', 2, NULL),
(58, '2021-05-11', 'cartao novo teste', '5206984449283106', '2022-08-26', '536', 2, NULL),
(59, '2021-05-11', 'cartao novo teste', '5206984449283106', '2022-08-26', '536', 2, NULL),
(60, '2021-05-11', 'cartao novo teste', '5206984449283106', '2022-08-26', '536', 2, NULL),
(61, '2021-05-11', 'cartao novo teste', '5206984449283106', '2022-08-26', '536', 2, NULL),
(62, '2021-05-11', 'cartao novo teste', '5206984449283106', '2022-08-26', '536', 2, NULL),
(63, '2021-05-11', 'cartao novo teste', '5206984449283106', '2022-08-26', '536', 2, NULL),
(64, '2021-06-04', 'Teste', '1111222233334444', '2030-12-31', '123', 1, 95),
(65, '2021-06-04', 'Teste', '1111222233334444', '2030-12-31', '123', 1, 96),
(66, '2021-06-04', 'Teste', '1111222233334444', '2030-12-31', '123', 1, 97),
(67, '2021-06-04', 'Teste', '1111222233334444', '2030-12-31', '123', 1, 98),
(68, '2021-06-04', 'cartao novo teste', '5206984449283106', '2022-08-26', '536', 2, NULL),
(69, '2021-06-04', 'cartao novo teste', '5206984449283106', '2022-08-26', '536', 2, NULL),
(70, '2021-06-04', 'cartao novo teste', '5206984449283106', '2022-08-26', '536', 2, NULL),
(71, '2021-06-04', 'cartao novo teste', '5206984449283106', '2022-08-26', '536', 2, NULL),
(72, '2021-06-04', 'cartao novo teste', '5206984449283106', '2022-08-26', '536', 2, NULL),
(73, '2021-06-05', 'cartao novo teste', '5206984449283106', '2022-08-26', '536', 2, NULL),
(74, '2021-06-05', 'cartao novo teste', '5206984449283106', '2022-08-26', '536', 2, NULL),
(75, '2021-06-05', 'cartao novo teste', '5206984449283106', '2022-08-26', '536', 2, NULL),
(76, '2021-06-05', 'cartao novo teste', '5206984449283106', '2022-08-26', '536', 2, NULL),
(77, '2021-06-05', 'cartao novo teste', '5206984449283106', '2022-08-26', '536', 2, NULL),
(78, '2021-06-05', 'cartao novo teste', '5206984449283106', '2022-08-26', '536', 2, NULL),
(79, '2021-06-05', 'cartao novo teste', '5206984449283106', '2022-08-26', '536', 2, NULL),
(80, '2021-06-05', 'cartao novo teste', '5206984449283106', '2022-08-26', '536', 2, NULL),
(81, '2021-06-05', 'cartao novo teste', '5206984449283106', '2022-08-26', '536', 2, NULL),
(82, '2021-06-05', 'cartao novo teste', '5206984449283106', '2022-08-26', '536', 2, NULL),
(83, '2021-06-05', 'cartao novo teste', '5206984449283106', '2022-08-26', '536', 2, NULL),
(84, '2021-06-09', 'cartao novo teste', '5206984449283106', '2022-08-26', '536', 2, NULL),
(85, '2021-06-09', 'cartao novo teste', '5206984449283106', '2022-08-26', '536', 2, NULL),
(86, '2021-06-09', 'aaa', '4567876546984567', '1999-11-11', '124', 1, 37),
(87, '2021-06-13', 'cartao novo teste', '5206984449283106', '2022-08-26', '536', 2, NULL),
(88, '2021-06-13', 'cartao novo teste', '5206984449283106', '2022-08-26', '536', 2, NULL),
(89, '2021-06-13', 'cartao novo teste', '5206984449283106', '2022-08-26', '536', 2, NULL),
(90, '2021-06-13', 'Teste', '1111222233334444', '2030-12-31', '123', 1, 99),
(91, '2021-06-13', 'Teste', '1111222233334444', '2030-12-31', '123', 1, 100),
(92, '2021-06-13', 'Teste', '1111222233334444', '2030-12-31', '123', 1, 101),
(93, '2021-06-13', 'Teste', '1111222233334444', '2030-12-31', '123', 1, 102),
(94, '2021-06-13', 'Teste', '1111222233334444', '2030-12-31', '123', 1, 103),
(95, '2021-06-13', 'Teste', '1111222233334444', '2030-12-31', '123', 1, 104),
(96, '2021-06-13', 'Teste', '1111222233334444', '2030-12-31', '123', 1, 105),
(97, '2021-06-13', 'Teste', '1111222233334444', '2030-12-31', '123', 1, 106),
(98, '2021-06-13', 'Teste', '1111222233334444', '2030-12-31', '123', 1, 106),
(100, '2021-06-13', 'Teste', '1111222233334444', '2030-12-31', '123', 1, 107);

-- --------------------------------------------------------

--
-- Estrutura da tabela `categorias`
--

CREATE TABLE `categorias` (
  `id` bigint(20) NOT NULL,
  `dataCadastro` date NOT NULL,
  `nome` varchar(255) COLLATE utf8_unicode_ci NOT NULL
) ENGINE=InnoDB DEFAULT CHARSET=utf8 COLLATE=utf8_unicode_ci;

--
-- Extraindo dados da tabela `categorias`
--

INSERT INTO `categorias` (`id`, `dataCadastro`, `nome`) VALUES
(1, '2021-04-12', 'cat1'),
(2, '2021-04-12', 'cat 2'),
(3, '2021-04-12', 'categoria #3');

-- --------------------------------------------------------

--
-- Estrutura da tabela `categorias_ativacao`
--

CREATE TABLE `categorias_ativacao` (
  `id` bigint(20) NOT NULL,
  `dataCadastro` date NOT NULL,
  `nome` varchar(255) COLLATE utf8_unicode_ci NOT NULL
) ENGINE=InnoDB DEFAULT CHARSET=utf8 COLLATE=utf8_unicode_ci;

--
-- Extraindo dados da tabela `categorias_ativacao`
--

INSERT INTO `categorias_ativacao` (`id`, `dataCadastro`, `nome`) VALUES
(1, '2021-04-12', 'Aumento de demanda'),
(2, '2021-04-12', 'Lançamento de adaptação'),
(3, '2021-04-12', 'Outro');

-- --------------------------------------------------------

--
-- Estrutura da tabela `categorias_inativacao`
--

CREATE TABLE `categorias_inativacao` (
  `id` bigint(20) NOT NULL,
  `dataCadastro` date NOT NULL,
  `nome` varchar(255) COLLATE utf8_unicode_ci NOT NULL
) ENGINE=InnoDB DEFAULT CHARSET=utf8 COLLATE=utf8_unicode_ci;

--
-- Extraindo dados da tabela `categorias_inativacao`
--

INSERT INTO `categorias_inativacao` (`id`, `dataCadastro`, `nome`) VALUES
(1, '2021-04-12', 'Falta de demanda'),
(2, '2021-04-12', 'Conteúdo ofensivo'),
(3, '2021-04-12', 'Outro');

-- --------------------------------------------------------

--
-- Estrutura da tabela `cidades`
--

CREATE TABLE `cidades` (
  `id` bigint(20) NOT NULL,
  `dataCadastro` date NOT NULL,
  `descricao` varchar(255) COLLATE utf8_unicode_ci NOT NULL,
  `idEstado` bigint(20) NOT NULL
) ENGINE=InnoDB DEFAULT CHARSET=utf8 COLLATE=utf8_unicode_ci;

--
-- Extraindo dados da tabela `cidades`
--

INSERT INTO `cidades` (`id`, `dataCadastro`, `descricao`, `idEstado`) VALUES
(3, '2021-03-01', 'Mogi das Cruzes', 1),
(5, '2021-03-02', 'São Paulo', 1),
(6, '2021-03-02', 'Rio de Janeiro', 2),
(7, '2021-03-02', 'Ribeirão Preto', 1),
(8, '2021-03-02', 'São José dos Campos', 1),
(9, '2021-03-02', 'Indaiatuba', 1),
(11, '2021-04-25', 'Barbacena', 4),
(12, '2021-04-25', 'Macapá', 5),
(13, '2021-06-03', 'New York', 6);

-- --------------------------------------------------------

--
-- Estrutura da tabela `clientes`
--

CREATE TABLE `clientes` (
  `id` bigint(20) NOT NULL,
  `dataCadastro` date NOT NULL,
  `nome` varchar(255) COLLATE utf8_unicode_ci NOT NULL,
  `genero` tinyint(4) NOT NULL,
  `dataNascimento` date NOT NULL,
  `idTipoCliente` bigint(20) NOT NULL,
  `status` tinyint(4) NOT NULL,
  `email` varchar(255) COLLATE utf8_unicode_ci NOT NULL,
  `senha` varchar(255) COLLATE utf8_unicode_ci NOT NULL,
  `idCartaoPreferencial` bigint(20) DEFAULT NULL
) ENGINE=InnoDB DEFAULT CHARSET=utf8 COLLATE=utf8_unicode_ci;

--
-- Extraindo dados da tabela `clientes`
--

INSERT INTO `clientes` (`id`, `dataCadastro`, `nome`, `genero`, `dataNascimento`, `idTipoCliente`, `status`, `email`, `senha`, `idCartaoPreferencial`) VALUES
(34, '2021-03-02', 'teste', 1, '1988-03-12', 1, 1, 'teste@teste.com.br', 'aca34ae0387518017fa5ff1990ed288e', 0),
(35, '2021-03-02', 'Téstândö', 1, '1999-11-11', 1, 1, '', '', 0),
(36, '2021-03-02', 'as', 1, '1999-11-11', 2, 1, '', '', 0),
(37, '2021-03-02', 'teste', 2, '1990-10-22', 1, 1, 'testes@testando.com.br', '', 86),
(38, '2021-03-02', 'Teste 2', 1, '1999-12-12', 2, 0, '', '', 0),
(86, '2021-04-13', 'teste2e', 1, '1999-11-11', 1, 1, '', '', 0),
(88, '2021-04-23', 'teste teste', 1, '2021-04-06', 2, 1, 'teste@ydsdsdst.com', '21047592397a8008198e033434ae8764', 0),
(89, '2021-04-23', 'fgfdgdser', 1, '1999-11-11', 1, 1, 'dfgfdx@gdfg.com', '482bbb67b697aeda87f533c21953ef24', 0),
(90, '2021-04-23', 't', 1, '1999-11-11', 1, 1, 'testelogin@teste.com', 'c21dbbbef3e8ffadd4c28555741dce7a', 0),
(91, '2021-04-24', 'Teste clieante', 1, '1999-11-11', 1, 1, 'teste@loginhio.com', '482bbb67b697aeda87f533c21953ef24', 14),
(92, '2021-04-25', 'testesss', 1, '1999-11-11', 1, 1, 'tes@tes.com', '482bbb67b697aeda87f533c21953ef24', NULL),
(93, '2021-04-25', 'testes', 1, '1999-11-11', 1, 1, 'tes@teste.com', '482bbb67b697aeda87f533c21953ef24', NULL),
(94, '2021-04-25', 'testes', 1, '1999-11-11', 1, 1, 'te@tgest.com', '482bbb67b697aeda87f533c21953ef24', 20),
(95, '2021-06-04', 'teste', 1, '1988-03-12', 1, 1, 'teste@teste.com', '51755d792fa94b5282b4fbebcaba8c50', 64),
(96, '2021-06-04', 'teste', 1, '1988-03-12', 1, 1, 'teste@teoste.com', '51755d792fa94b5282b4fbebcaba8c50', 65),
(97, '2021-06-04', 'teste', 1, '1988-03-12', 1, 1, 'teste@tieoste.com', '51755d792fa94b5282b4fbebcaba8c50', 66),
(98, '2021-06-04', 'testeggg', 1, '1988-03-12', 3, 1, 'teste@taieoste.com', 'c21dbbbef3e8ffadd4c28555741dce7a', 67),
(99, '2021-06-13', 'teste', 1, '1988-03-12', 1, 1, 'teste123@teste.com.br', '51755d792fa94b5282b4fbebcaba8c50', 90),
(100, '2021-06-13', 'teste', 1, '1988-03-12', 1, 1, 'teste1q123@teste.com.br', '51755d792fa94b5282b4fbebcaba8c50', 91),
(101, '2021-06-13', 'teste', 1, '1988-03-12', 1, 1, 'testde1q123@teste.com.br', '4855ea8cc89222a94d593ccd806240c3', 92),
(102, '2021-06-13', 'teste', 1, '1988-03-12', 1, 1, 'testde1q123@te1ste.com.br', '4855ea8cc89222a94d593ccd806240c3', 93),
(103, '2021-06-13', 'teste', 1, '1988-03-12', 1, 1, 'testde1aq123@te1ste.com.br', '4855ea8cc89222a94d593ccd806240c3', 94),
(104, '2021-06-13', 'teste', 1, '1988-03-12', 1, 1, 'testde1a1q123@te1ste.com.br', '4855ea8cc89222a94d593ccd806240c3', 95),
(105, '2021-06-13', 'teste', 1, '1988-03-12', 1, 1, 'testde1a1q123@tep1ste.com.br', '4855ea8cc89222a94d593ccd806240c3', 96),
(106, '2021-06-13', 'teste', 1, '1988-03-12', 1, 1, 'te_stde1a1q123@tep1ste.com.br', '4855ea8cc89222a94d593ccd806240c3', 97),
(107, '2021-06-13', 'teste', 1, '1988-03-12', 1, 1, 'te_st_de1a1q123@tep1ste.com.br', '4855ea8cc89222a94d593ccd806240c3', 100);

-- --------------------------------------------------------

--
-- Estrutura da tabela `clientes_documentos`
--

CREATE TABLE `clientes_documentos` (
  `idCliente` bigint(20) NOT NULL,
  `idDocumento` bigint(20) NOT NULL
) ENGINE=InnoDB DEFAULT CHARSET=utf8 COLLATE=utf8_unicode_ci;

-- --------------------------------------------------------

--
-- Estrutura da tabela `clientes_enderecos`
--

CREATE TABLE `clientes_enderecos` (
  `idCliente` bigint(20) NOT NULL,
  `idEndereco` bigint(20) NOT NULL
) ENGINE=InnoDB DEFAULT CHARSET=utf8 COLLATE=utf8_unicode_ci;

-- --------------------------------------------------------

--
-- Estrutura da tabela `configuracoes`
--

CREATE TABLE `configuracoes` (
  `id` bigint(20) NOT NULL,
  `descricao` varchar(255) COLLATE utf8_unicode_ci NOT NULL,
  `valor` varchar(255) COLLATE utf8_unicode_ci NOT NULL,
  `dataAlteracao` date DEFAULT NULL
) ENGINE=InnoDB DEFAULT CHARSET=utf8 COLLATE=utf8_unicode_ci;

--
-- Extraindo dados da tabela `configuracoes`
--

INSERT INTO `configuracoes` (`id`, `descricao`, `valor`, `dataAlteracao`) VALUES
(1, 'numerosVendaInativacaoAutomatica', '10', '2021-06-03'),
(2, 'diasInativacaoAutomatica', '10', '2021-06-03'),
(3, 'diasPermanenciaCarrinho', '7', '2021-06-03'),
(4, 'diasPermanenciaBloqueioItemCarrinho', '10', '2021-06-03'),
(5, 'cepOrigem', '08780220', '2021-06-03');

-- --------------------------------------------------------

--
-- Estrutura da tabela `cupons_desconto`
--

CREATE TABLE `cupons_desconto` (
  `id` bigint(20) NOT NULL,
  `dataCadastro` date NOT NULL,
  `nome` varchar(255) COLLATE utf8_unicode_ci NOT NULL,
  `valor` double NOT NULL,
  `status` tinyint(4) NOT NULL,
  `dataInicio` date NOT NULL,
  `dataFim` date DEFAULT NULL
) ENGINE=InnoDB DEFAULT CHARSET=utf8 COLLATE=utf8_unicode_ci;

--
-- Extraindo dados da tabela `cupons_desconto`
--

INSERT INTO `cupons_desconto` (`id`, `dataCadastro`, `nome`, `valor`, `status`, `dataInicio`, `dataFim`) VALUES
(1, '2021-04-12', 'DESCONTOEH10!!!', 10, 1, '2021-04-12', '2021-07-31'),
(2, '2021-04-27', 'aaa9', 12, 1, '1999-11-11', '2024-12-12'),
(3, '2021-05-27', 'aaasas', 1, 0, '1999-11-11', '2020-11-11'),
(4, '2021-05-29', 'éá', 12, 1, '1999-11-11', '1999-11-11'),
(5, '2021-06-02', 'loremipsum', 112, 0, '1999-11-11', '1999-12-11');

-- --------------------------------------------------------

--
-- Estrutura da tabela `cupons_troca`
--

CREATE TABLE `cupons_troca` (
  `id` bigint(20) NOT NULL,
  `dataEntrada` date NOT NULL,
  `idUsuario` bigint(20) NOT NULL,
  `nome` varchar(255) COLLATE utf8_unicode_ci NOT NULL,
  `valor` double NOT NULL,
  `status` tinyint(4) NOT NULL,
  `idPedido` bigint(20) DEFAULT NULL
) ENGINE=InnoDB DEFAULT CHARSET=utf8 COLLATE=utf8_unicode_ci;

--
-- Extraindo dados da tabela `cupons_troca`
--

INSERT INTO `cupons_troca` (`id`, `dataEntrada`, `idUsuario`, `nome`, `valor`, `status`, `idPedido`) VALUES
(1, '2021-04-12', 34, 'CUPOMTROCA10', 10, 1, NULL),
(2, '2021-04-12', 34, 'CUPOMTROCA20', 20, 1, NULL),
(4, '2021-04-18', 34, 'TESTE20214018084051', 1, 1, NULL),
(5, '2021-04-18', 34, 'TESTE20215118085104', 5, 0, 36),
(6, '2021-04-18', 34, 'TESTE20215218085237', 10, 0, 36),
(7, '2021-04-20', 90, 'TESTE20213120073158', 1, 0, 45),
(8, '2021-04-20', 34, 'TESTE20215220075234', 1, 1, NULL),
(9, '2021-04-21', 34, 'TESTE20215821085818', 5, 1, NULL),
(11, '2021-04-25', 34, 'TESTE20215225055217', 0, 1, NULL),
(12, '2021-04-25', 91, 'TESTELOGINHO20215225055239', 52, 0, 51),
(29, '2021-04-27', 91, 'TESTELOGINHO20210927080923', 104, 0, 116),
(66, '2021-05-11', 91, 'CUPOMTROCA9120215311115320', 5.81, 1, NULL),
(67, '2021-05-11', 91, 'TESTECLIENTE20215411115418', 104, 1, NULL),
(68, '2021-05-11', 91, 'TESTECLIENTE20215411115425', 104, 1, NULL),
(69, '2021-05-11', 91, 'CUPOMTROCA9120215611115605', 5.81, 1, NULL),
(70, '2021-05-11', 91, 'TESTECLIENTE20215611115657', 104, 1, NULL),
(71, '2021-05-11', 91, 'TESTECLIENTE20215711115705', 104, 1, NULL),
(72, '2021-05-11', 91, 'CUPOMTROCA9120215911045959', 5.81, 1, NULL),
(73, '2021-05-11', 91, 'TESTECLIENTE20210011050047', 104, 1, NULL),
(74, '2021-05-11', 91, 'CUPOMTROCA9120210611050636', 5.81, 1, NULL),
(75, '2021-05-11', 91, 'TESTECLIENTE20210711050714', 104, 1, NULL),
(76, '2021-05-11', 91, 'TESTECLIENTE20210711050727', 104, 1, NULL),
(77, '2021-05-11', 91, 'CUPOMTROCA9120211911051914', 5.81, 1, NULL),
(78, '2021-05-11', 91, 'TESTECLIENTE20211911051954', 104, 1, NULL),
(79, '2021-05-11', 91, 'CUPOMTROCA9120212111052141', 5.81, 1, NULL),
(80, '2021-05-11', 91, 'TESTECLIENTE20212211052216', 104, 1, NULL),
(81, '2021-05-11', 91, 'TESTECLIENTE20212211052227', 104, 1, NULL),
(82, '2021-05-11', 91, 'CUPOMTROCA9120212511052531', 5.81, 1, NULL),
(83, '2021-05-11', 91, 'TESTECLIENTE20212611052611', 104, 1, NULL),
(84, '2021-05-11', 91, 'TESTECLIENTE20212611052619', 104, 1, NULL),
(85, '2021-05-11', 91, 'CUPOMTROCA9120211311061328', 5.81, 1, NULL),
(86, '2021-05-11', 91, 'TESTECLIENTE20211411061407', 104, 1, NULL),
(87, '2021-05-11', 91, 'TESTECLIENTE20211411061414', 104, 1, NULL),
(88, '2021-05-11', 91, 'CUPOMTROCA9120211511061551', 5.81, 1, NULL),
(89, '2021-05-11', 91, 'TESTECLIENTE20211611061634', 104, 1, NULL),
(90, '2021-05-11', 91, 'TESTECLIENTE20211611061643', 104, 1, NULL),
(91, '2021-05-11', 91, 'CUPOMTROCA9120212811062851', 5.81, 1, NULL),
(92, '2021-05-11', 91, 'TESTECLIENTE20212911062928', 104, 1, NULL),
(93, '2021-05-11', 91, 'TESTECLIENTE20212911062935', 104, 1, NULL),
(94, '2021-05-11', 91, 'CUPOMTROCA9120214511074528', 5.81, 1, NULL),
(95, '2021-05-11', 91, 'TESTECLIENTE20214611074614', 104, 1, NULL),
(96, '2021-05-11', 91, 'TESTECLIENTE20214611074624', 104, 1, NULL),
(97, '2021-06-04', 91, 'TESTECLIEANTE20214304084306', 60, 1, NULL),
(98, '2021-06-04', 91, 'TESTECLIEANTE20214204094211', 600, 1, NULL),
(99, '2021-06-04', 91, 'TESTECLIEANTE20214304094324', 600, 1, NULL),
(100, '2021-06-04', 91, 'CUPOMTROCA9120213704103724', 27.8, 1, NULL),
(101, '2021-06-04', 91, 'CUPOMTROCA9120214404104420', 27.8, 1, NULL),
(102, '2021-06-04', 91, 'TESTECLIEANTE20214904104907', 600, 1, NULL),
(103, '2021-06-04', 91, 'TESTECLIEANTE20215004105012', 600, 1, NULL),
(104, '2021-06-01', 91, 'CUPOMTROCA9120214125074130', 50, 0, 287),
(105, '2021-06-04', 91, 'CUPOMTROCA9120212504112527', 8.1, 1, NULL),
(106, '2021-06-01', 91, 'TESTELOGINHO20213825053846', 17, 0, 287),
(107, '2021-06-04', 91, 'CUPOMTROCA9120213204113244', 15.1, 1, NULL),
(108, '2021-06-04', 91, 'CUPOMTROCA9120214104114149', 15.1, 1, NULL),
(109, '2021-06-04', 91, 'TESTECLIEANTE20214704114741', 600, 1, NULL),
(110, '2021-06-04', 91, 'TESTECLIEANTE20214904114901', 600, 1, NULL),
(111, '2021-06-05', 91, 'CUPOMTROCA9120211005011000', 15.1, 1, NULL),
(112, '2021-06-05', 91, 'TESTECLIEANTE20211505011502', 600, 1, NULL),
(113, '2021-06-05', 91, 'CUPOMTROCA9120211805011817', 15.1, 1, NULL),
(114, '2021-06-05', 91, 'TESTECLIEANTE20212105012124', 600, 1, NULL),
(115, '2021-06-05', 91, 'TESTECLIEANTE20212205012203', 600, 1, NULL),
(116, '2021-06-05', 91, 'TESTECLIEANTE20213405013433', 600, 1, NULL),
(117, '2021-06-05', 91, 'CUPOMTROCA9120214505014549', 15.1, 1, NULL),
(118, '2021-06-05', 91, 'CUPOMTROCA9120210405020421', 15.1, 1, NULL),
(119, '2021-06-05', 91, 'TESTECLIEANTE20210705020729', 600, 1, NULL),
(120, '2021-06-05', 91, 'TESTECLIEANTE20210805020816', 600, 1, NULL),
(121, '2021-06-05', 91, 'CUPOMTROCA9120212505032526', 15.1, 1, NULL),
(122, '2021-06-05', 91, 'TESTECLIEANTE20212805032845', 600, 1, NULL),
(123, '2021-06-05', 91, 'TESTECLIEANTE20212905032917', 600, 1, NULL),
(124, '2021-06-05', 91, 'CUPOMTROCA9120215305035301', 15.1, 1, NULL),
(125, '2021-06-05', 91, 'TESTECLIEANTE20215605035606', 600, 1, NULL),
(126, '2021-06-05', 91, 'TESTECLIEANTE20215605035637', 600, 1, NULL),
(127, '2021-06-05', 91, 'CUPOMTROCA9120210705040709', 15.1, 1, NULL),
(128, '2021-06-05', 91, 'TESTECLIEANTE20211005041020', 600, 1, NULL),
(129, '2021-06-05', 91, 'TESTECLIEANTE20211005041052', 600, 1, NULL),
(130, '2021-06-05', 91, 'CUPOMTROCA9120212805052809', 15.1, 1, NULL),
(131, '2021-06-05', 91, 'TESTECLIEANTE20213105053113', 600, 1, NULL),
(132, '2021-06-05', 91, 'TESTECLIEANTE20213205053200', 600, 1, NULL),
(133, '2021-06-05', 91, 'CUPOMTROCA9120215105055119', 15.1, 1, NULL),
(134, '2021-06-05', 91, 'TESTECLIEANTE20215405055424', 600, 1, NULL),
(135, '2021-06-05', 91, 'TESTECLIEANTE20215505055510', 600, 1, NULL),
(136, '2021-06-05', 91, 'CUPOMTROCA9120215105075115', 15.1, 1, NULL),
(137, '2021-06-05', 91, 'TESTECLIEANTE20215405075431', 600, 1, NULL),
(138, '2021-06-05', 91, 'TESTECLIEANTE20215505075519', 600, 1, NULL),
(139, '2021-06-05', 91, 'CUPOMTROCA9120210205080214', 15.1, 1, NULL),
(140, '2021-06-05', 91, 'TESTECLIEANTE20210505080519', 600, 1, NULL),
(141, '2021-06-05', 91, 'TESTECLIEANTE20210605080606', 600, 1, NULL),
(142, '2021-06-09', 91, 'TESTECLIEANTE20211809011809', 300, 1, NULL),
(143, '2021-06-09', 91, 'CUPOMTROCA9120213709093748', 15.1, 1, NULL),
(144, '2021-06-09', 91, 'CUPOMTROCA9120215109095158', 15.1, 1, NULL),
(145, '2021-06-13', 91, 'CUPOMTROCA9120211813051856', 8, 1, NULL),
(146, '2021-06-13', 91, 'CUPOMTROCA9120211213081203', 5.1, 1, NULL),
(147, '2021-06-13', 91, 'CUPOMTROCA9120215113095144', 5.1, 1, NULL),
(148, '2021-06-13', 91, 'TESTECLIEANTE20215413095454', 600, 1, NULL),
(149, '2021-06-13', 91, 'CUPOMTROCA9120212413102439', 5.1, 1, NULL),
(150, '2021-06-13', 91, 'TESTECLIEANTE20212813102809', 600, 1, NULL),
(151, '2021-06-13', 91, 'TESTECLIEANTE20212813102856', 600, 1, NULL);

-- --------------------------------------------------------

--
-- Estrutura da tabela `documentos`
--

CREATE TABLE `documentos` (
  `id` bigint(20) NOT NULL,
  `dataCadastro` date NOT NULL,
  `codigo` varchar(255) COLLATE utf8_unicode_ci NOT NULL,
  `validade` date NOT NULL,
  `idTipoDocumento` bigint(20) NOT NULL,
  `idCliente` bigint(20) DEFAULT NULL
) ENGINE=InnoDB DEFAULT CHARSET=utf8 COLLATE=utf8_unicode_ci;

--
-- Extraindo dados da tabela `documentos`
--

INSERT INTO `documentos` (`id`, `dataCadastro`, `codigo`, `validade`, `idTipoDocumento`, `idCliente`) VALUES
(14, '2021-03-01', '98673997810', '2024-04-04', 1, 30),
(15, '2021-03-01', '81180969200', '2000-02-01', 1, 31),
(16, '2021-03-02', '52564030793', '2070-12-01', 1, 32),
(18, '2021-03-02', '12240565586', '2070-12-01', 1, 33),
(19, '2021-03-02', '32817765745', '2022-02-22', 1, 34),
(20, '2021-03-02', '38723040203', '2070-01-01', 1, 35),
(21, '2021-03-02', '68218240616', '1999-11-11', 1, 36),
(22, '2021-03-02', '11111111111111', '2060-12-12', 2, 36),
(23, '2021-03-02', '171108566', '2040-01-01', 3, 33),
(24, '2021-03-02', '36630153863', '2060-01-01', 1, 37),
(25, '2021-03-02', '02478564000160', '2050-01-01', 2, 37),
(26, '2021-03-02', '35355855547', '2070-11-11', 1, 38),
(27, '2021-03-02', '80363624000102', '2060-11-11', 2, 38),
(30, '2021-03-02', '45263437498', '2030-01-01', 1, 39),
(31, '2021-03-02', '12323609000180', '2040-01-01', 2, 39),
(32, '2021-03-02', '487809444', '2040-01-01', 3, 39),
(33, '2021-03-02', '33864624720', '1999-11-11', 1, 40),
(34, '2021-03-02', '03598852000110', '1999-11-11', 2, 40),
(35, '2021-03-02', '95051674828', '1999-11-11', 1, 41),
(37, '2021-03-02', '487509766', '2040-01-01', 3, 41),
(100, '2021-04-06', '83993121503', '2022-03-31', 1, 83),
(101, '2021-04-06', '43210987654321', '2022-03-31', 2, 34),
(102, '2021-04-06', '33369361795', '2022-03-31', 1, 84),
(103, '2021-04-06', '43250987654321', '2022-03-31', 2, 34),
(105, '2021-04-13', '29328828139', '1999-11-11', 1, 86),
(107, '2021-04-23', '56748262500', '2021-04-29', 1, 88),
(108, '2021-04-23', '47348296246', '1999-11-11', 1, 89),
(109, '2021-04-23', '43122482304', '1999-12-11', 1, 90),
(110, '2021-04-24', '38965015936', '1999-11-11', 1, 91),
(111, '2021-04-25', '48661250390', '1999-11-11', 1, 92),
(112, '2021-04-25', '64607094757', '1999-11-11', 1, 93),
(113, '2021-04-25', '25766975503', '1999-11-11', 1, 94),
(116, '2021-05-29', '81953324000146', '1999-11-11', 2, NULL),
(117, '2021-05-29', '88184952000153', '2022-02-20', 2, NULL),
(118, '2021-06-03', '79400502000160', '2021-10-10', 2, NULL),
(119, '2021-06-03', '886549684', '2030-02-20', 3, NULL),
(120, '2021-06-04', '66143826595', '2022-03-31', 1, 95),
(121, '2021-06-04', '84337148132', '2022-03-31', 1, 96),
(122, '2021-06-04', '55913531000', '2022-03-31', 1, 97),
(123, '2021-06-04', '46462631570', '2022-03-31', 1, 98),
(124, '2021-06-04', '52652444000105', '2022-10-10', 2, 91),
(125, '2021-06-13', '45551740978', '2022-03-31', 1, 99),
(126, '2021-06-13', '10567168271', '2022-03-31', 1, 100),
(127, '2021-06-13', '43115506503', '2022-03-31', 1, 101),
(128, '2021-06-13', '85322288520', '2022-03-31', 1, 102),
(129, '2021-06-13', '87734467504', '2022-03-31', 1, 103),
(130, '2021-06-13', '00240200365', '2022-03-31', 1, 104),
(131, '2021-06-13', '25730233701', '2022-03-31', 1, 105),
(132, '2021-06-13', '28198948104', '2022-03-31', 1, 106),
(133, '2021-06-13', '65486580000114', '2022-03-31', 2, 106),
(134, '2021-06-13', '33682376160', '2022-03-31', 1, 107),
(135, '2021-06-13', '41282196000131', '2022-03-31', 2, 107);

-- --------------------------------------------------------

--
-- Estrutura da tabela `editoras`
--

CREATE TABLE `editoras` (
  `id` bigint(20) NOT NULL,
  `dataCadastro` date NOT NULL,
  `nome` varchar(255) COLLATE utf8_unicode_ci NOT NULL,
  `descricao` varchar(255) COLLATE utf8_unicode_ci NOT NULL
) ENGINE=InnoDB DEFAULT CHARSET=utf8 COLLATE=utf8_unicode_ci;

--
-- Extraindo dados da tabela `editoras`
--

INSERT INTO `editoras` (`id`, `dataCadastro`, `nome`, `descricao`) VALUES
(1, '2021-04-12', 'Editora teste', 'teste'),
(2, '2021-04-12', 'Editora Ininap', 'Editora de HQs');

-- --------------------------------------------------------

--
-- Estrutura da tabela `enderecos`
--

CREATE TABLE `enderecos` (
  `id` bigint(20) NOT NULL,
  `dataCadastro` date NOT NULL,
  `nome` varchar(255) COLLATE utf8_unicode_ci NOT NULL,
  `logradouro` varchar(255) COLLATE utf8_unicode_ci NOT NULL,
  `numero` varchar(255) COLLATE utf8_unicode_ci NOT NULL,
  `complemento` varchar(255) COLLATE utf8_unicode_ci NOT NULL,
  `cep` varchar(255) COLLATE utf8_unicode_ci NOT NULL,
  `idBairro` bigint(20) NOT NULL,
  `idTipoEndereco` bigint(20) NOT NULL,
  `idCliente` bigint(20) DEFAULT NULL,
  `idtipoResidencia` bigint(20) NOT NULL,
  `idFuncaoEndereco` bigint(20) NOT NULL,
  `idTipoLogradouro` bigint(20) NOT NULL,
  `observacoes` varchar(255) COLLATE utf8_unicode_ci DEFAULT NULL
) ENGINE=InnoDB DEFAULT CHARSET=utf8 COLLATE=utf8_unicode_ci;

--
-- Extraindo dados da tabela `enderecos`
--

INSERT INTO `enderecos` (`id`, `dataCadastro`, `nome`, `logradouro`, `numero`, `complemento`, `cep`, `idBairro`, `idTipoEndereco`, `idCliente`, `idtipoResidencia`, `idFuncaoEndereco`, `idTipoLogradouro`, `observacoes`) VALUES
(7, '2021-03-01', 'placeholder', 'rua dos testes', '122', 'as', '11122-245', 4, 1, 30, 0, 0, 0, NULL),
(8, '2021-03-01', 'Teste do nome do endereço', 'Rua dos testes', '12', '', '11111-111', 5, 1, 31, 0, 0, 0, NULL),
(9, '2021-03-01', 'casa da minha mãe', 'rua 1', '12', '', '11111-111', 5, 2, 31, 0, 0, 0, NULL),
(10, '2021-03-02', 'casa da minha vó', 'Rua do Lago', '12', '', '04280-000', 6, 1, 32, 0, 0, 0, NULL),
(11, '2021-03-02', 'meu trabalho', 'Rua Rodrigo Alonso', '554', '', '03925-080', 7, 2, 32, 0, 0, 0, NULL),
(12, '2021-03-02', 'serviço', 'Rua José Urbano Sanches', '6012', '', '08780-220', 3, 2, 30, 0, 0, 0, NULL),
(13, '2021-03-02', 'aaa', 'a', '12', '', '11111-111', 8, 1, 33, 0, 0, 0, NULL),
(14, '2021-03-02', 'asas', 'Rua José Urbano Sanches', '12', '', '08780-220', 3, 2, 34, 0, 0, 0, NULL),
(15, '2021-03-02', 'aaaa', 'Rua João Sanchez Parra', 'sa', 'bloc 10', '14065-200', 9, 1, 35, 0, 0, 0, NULL),
(16, '2021-03-02', 'asa', 'Rua José Urbano Sanches', '12', '', '08780-220', 3, 2, 36, 0, 0, 0, NULL),
(17, '2021-03-02', 'Minha casa', 'Rua Antônio Boarini', '12', '', '12229-130', 10, 1, 37, 0, 0, 0, NULL),
(18, '2021-03-02', 'Minha casa', 'Rua José Urbano Sanches', '12', '', '08780-220', 3, 1, 38, 0, 0, 0, NULL),
(19, '2021-03-02', 'Serviço', 'rua teste', '9', 'bloco e', '98182-120', 11, 2, 38, 0, 0, 0, NULL),
(20, '2021-03-02', 'asas', 'Rua José Urbano Sanches', '12', '', '08780-220', 3, 2, 38, 0, 0, 0, NULL),
(21, '2021-03-02', 'minha casa', 'Rua José Urbano Sanches', '12', '', '08780-220', 3, 1, 39, 0, 0, 0, NULL),
(23, '2021-03-02', 'serviço novo', 'rua sérgio plaza', '40', '20', '44444-444', 13, 2, 39, 0, 0, 0, NULL),
(24, '2021-03-02', 'minha casa', 'Rua José Urbano Sanches', '12', '', '08780-220', 3, 1, 40, 0, 0, 0, NULL),
(25, '2021-03-02', 'serviço', 'rua sérgio plaza', '12', '', '11111-110', 14, 2, 40, 0, 0, 0, NULL),
(26, '2021-03-02', 'minha casa', 'Rua José Urbano Sanches', '12', '', '08780-220', 3, 1, 41, 0, 0, 0, NULL),
(28, '2021-03-02', 'serviço novo', 'Rua Juarez Rodrigues de Lima', '20', '201', '13349-108', 16, 2, 41, 0, 0, 0, NULL),
(96, '2021-04-13', 'teste', 'Avenida São Paulo', '12', '', '08780-570', 18, 1, 86, 0, 0, 0, NULL),
(97, '2021-04-23', 'testy', 'Avenida São Paulo', '45', 'te', '08780-570', 18, 1, 88, 2, 1, 2, 'testsc'),
(98, '2021-04-23', 'teste', 'Rua José Urbano Sanches', '12', '', '08780-220', 3, 1, 89, 1, 1, 1, ''),
(99, '2021-04-23', 'teste', 'Rua José Urbano Sanches', '12', '', '08780-220', 3, 1, 90, 1, 1, 1, ''),
(100, '2021-04-24', 'teste', 'Rua José Urbano Sanches', '1', '', '08780-220', 3, 1, 91, 1, 1, 1, ''),
(101, '2021-04-24', 'aas teste endereco novo na compra', 'Rua José Urbano Sanches', '1', '', '08780-220', 3, 1, 90, 1, 2, 1, ''),
(102, '2021-04-25', 'endereco teste entrega', 'Rua Rio Negro', '1', '', '36205-378', 19, 1, 91, 1, 2, 1, ''),
(103, '2021-04-25', 't', 'Avenida Felipe Camarão', '4', '', '68901-111', 20, 1, 91, 1, 3, 2, ''),
(104, '2021-04-25', 'tes', 'Rua José Urbano Sanches', '12', '', '08780-220', 3, 1, 92, 1, 3, 1, ''),
(105, '2021-04-25', 'ters', 'Rua José Urbano Sanches', '1', '', '08780-220', 3, 2, 93, 1, 3, 1, ''),
(106, '2021-04-25', 'a', 'Rua José Urbano Sanches', '1', '', '08780-220', 3, 1, 94, 1, 3, 1, ''),
(107, '2021-05-09', 'Casa da minha tia', 'Rua teste', '6012', '', '12345-678', 2, 1, 91, 1, 2, 1, ''),
(108, '2021-05-09', 'Casa da minha tia', 'Rua teste', '6012', '', '12345-678', 2, 1, 91, 1, 2, 1, ''),
(109, '2021-05-09', 'Casa da minha tia', 'Rua teste', '6012', '', '12345-678', 2, 1, 91, 1, 2, 1, ''),
(110, '2021-05-09', 'Casa da minha tia', 'Rua teste', '6012', '', '12345-678', 2, 1, 91, 1, 2, 1, ''),
(111, '2021-05-11', 'Casa da minha tia', 'Rua teste', '6012', '', '12345-678', 2, 1, 91, 1, 2, 1, ''),
(112, '2021-05-11', 'Casa da minha tia', 'Rua teste', '6012', '', '12345-678', 2, 1, 91, 1, 2, 1, ''),
(113, '2021-05-11', 'Casa da minha tia', 'Rua teste', '6012', '', '12345-678', 2, 1, 91, 1, 2, 1, ''),
(114, '2021-05-11', 'Casa da minha tia', 'Rua teste', '6012', '', '12345-678', 2, 1, 91, 1, 2, 1, ''),
(115, '2021-05-11', 'Casa da minha tia', 'Rua teste', '6012', '', '12345-678', 2, 1, 91, 1, 2, 1, ''),
(116, '2021-05-11', 'Casa da minha tia', 'Rua teste', '6012', '', '12345-678', 2, 1, 91, 1, 2, 1, ''),
(117, '2021-05-11', 'Casa da minha tia', 'Rua teste', '6012', '', '12345-678', 2, 1, 91, 1, 2, 1, ''),
(118, '2021-05-11', 'Casa da minha tia', 'Rua teste', '6012', '', '12345-678', 2, 1, 91, 1, 2, 1, ''),
(119, '2021-05-11', 'Casa da minha tia', 'Rua teste', '6012', '', '12345-678', 2, 1, 91, 1, 2, 1, ''),
(120, '2021-05-11', 'Casa da minha tia', 'Rua teste', '6012', '', '12345-678', 2, 1, 91, 1, 2, 1, ''),
(121, '2021-05-11', 'Casa da minha tia', 'Rua teste', '6012', '', '12345-678', 2, 1, 91, 1, 2, 1, ''),
(122, '2021-05-29', 'z', 'Rua José Urbano Sanches', '1', '', '08780-220', 3, 1, NULL, 2, 2, 1, 'w'),
(123, '2021-05-29', 'a', 'Avenida Santa Rita', '10', '', '08780-670', 18, 2, NULL, 1, 1, 1, 'asx'),
(124, '2021-06-03', 'endereç tes l', 'Test street', '12', '', '22313', 21, 2, NULL, 3, 1, 1, 'lore.'),
(125, '2021-06-03', 'a', 'Rua José Urbano Sanches', '1', '', '08780-220', 3, 1, NULL, 2, 1, 1, 'asac'),
(126, '2021-06-04', 'Endereço Teste', 'Rua teste', '12', '', '12345-678', 3, 1, 95, 1, 1, 1, ''),
(127, '2021-06-04', 'Endereço Teste', 'Rua teste', '12', '', '08780-228', 3, 1, 95, 1, 2, 1, ''),
(128, '2021-06-04', 'Endereço Teste', 'Rua teste', '12', '', '12345-678', 3, 1, 96, 1, 1, 1, ''),
(129, '2021-06-04', 'Endereço Teste', 'Rua teste', '12', '', '08780-228', 3, 1, 96, 1, 2, 1, ''),
(130, '2021-06-04', 'Endereço Teste', 'Rua teste', '12', '', '12345-678', 3, 1, 97, 1, 1, 1, ''),
(131, '2021-06-04', 'Endereço Teste', 'Rua teste', '12', '', '08780-228', 3, 1, 97, 1, 2, 1, ''),
(132, '2021-06-04', 'Endereço Teste', 'Rua teste', '12', '', '12345-678', 3, 1, 98, 1, 1, 1, ''),
(133, '2021-06-04', 'Endereço Teste', 'Rua teste', '12', '', '08780-228', 3, 1, 98, 1, 2, 1, ''),
(134, '2021-06-04', 'Casa da minha tia', 'Rua teste', '6012', '', '12345-678', 2, 1, 91, 1, 2, 1, ''),
(135, '2021-06-04', 'Casa da minha tia', 'Rua teste', '6012', '', '12345-678', 2, 1, 91, 1, 2, 1, ''),
(136, '2021-06-04', 'Casa da minha tia', 'Rua teste', '6012', '', '12345-678', 2, 1, 91, 1, 2, 1, ''),
(137, '2021-06-04', 'Casa da minha tia', 'Rua teste', '6012', '', '12345-678', 2, 1, 91, 1, 2, 1, ''),
(138, '2021-06-04', 'Casa da minha tia', 'Rua teste', '6012', '', '12345-678', 2, 1, 91, 1, 2, 1, ''),
(139, '2021-06-05', 'Casa da minha tia', 'Rua teste', '6012', '', '12345-678', 2, 1, 91, 1, 2, 1, ''),
(140, '2021-06-05', 'Casa da minha tia', 'Rua teste', '6012', '', '12345-678', 2, 1, 91, 1, 2, 1, ''),
(141, '2021-06-05', 'Casa da minha tia', 'Rua teste', '6012', '', '12345-678', 2, 1, 91, 1, 2, 1, ''),
(142, '2021-06-05', 'Casa da minha tia', 'Rua teste', '6012', '', '12345-678', 2, 1, 91, 1, 2, 1, ''),
(143, '2021-06-05', 'Casa da minha tia', 'Rua teste', '6012', '', '12345-678', 2, 1, 91, 1, 2, 1, ''),
(144, '2021-06-05', 'Casa da minha tia', 'Rua teste', '6012', '', '12345-678', 2, 1, 91, 1, 2, 1, ''),
(145, '2021-06-05', 'Casa da minha tia', 'Rua teste', '6012', '', '12345-678', 2, 1, 91, 1, 2, 1, ''),
(146, '2021-06-05', 'Casa da minha tia', 'Rua teste', '6012', '', '12345-678', 2, 1, 91, 1, 2, 1, ''),
(147, '2021-06-05', 'Casa da minha tia', 'Rua teste', '6012', '', '12345-678', 2, 1, 91, 1, 2, 1, ''),
(148, '2021-06-05', 'Casa da minha tia', 'Rua teste', '6012', '', '12345-678', 2, 1, 91, 1, 2, 1, ''),
(149, '2021-06-05', 'Casa da minha tia', 'Rua teste', '6012', '', '12345-678', 2, 1, 91, 1, 2, 1, ''),
(150, '2021-06-09', 'Casa da minha tia', 'Rua teste', '6012', '', '12345-678', 2, 1, 91, 1, 2, 1, ''),
(151, '2021-06-09', 'Casa da minha tia', 'Rua teste', '6012', '', '12345-678', 2, 1, 91, 1, 2, 1, ''),
(152, '2021-06-13', 'Casa da minha tia', 'Rua teste', '6012', '', '12345-678', 2, 1, 91, 1, 2, 1, ''),
(153, '2021-06-13', 'Casa da minha tia', 'Rua teste', '6012', '', '12345-678', 2, 1, 91, 1, 2, 1, ''),
(154, '2021-06-13', 'Casa da minha tia', 'Rua teste', '6012', '', '12345-678', 2, 1, 91, 1, 2, 1, ''),
(155, '2021-06-13', 'Endereço Teste', 'Rua teste', '12', '', '12345-678', 3, 1, 99, 1, 1, 1, ''),
(156, '2021-06-13', 'Endereço Teste', 'Rua teste', '12', '', '08780-228', 3, 1, 99, 1, 2, 1, ''),
(157, '2021-06-13', 'Endereço Teste', 'Rua teste', '12', '', '12345-678', 3, 1, 100, 1, 1, 1, ''),
(158, '2021-06-13', 'Endereço Teste', 'Rua teste', '12', '', '08780-228', 3, 1, 100, 1, 2, 1, ''),
(159, '2021-06-13', 'Endereço Teste', 'Rua teste', '12', '', '12345-678', 3, 1, 101, 1, 1, 1, ''),
(160, '2021-06-13', 'Endereço Teste', 'Rua teste', '12', '', '08780-228', 3, 1, 101, 1, 2, 1, ''),
(161, '2021-06-13', 'Endereço Teste', 'Rua teste', '12', '', '12345-678', 3, 1, 102, 1, 1, 1, ''),
(162, '2021-06-13', 'Endereço Teste', 'Rua teste', '12', '', '08780-228', 3, 1, 102, 1, 2, 1, ''),
(163, '2021-06-13', 'Endereço Teste', 'Rua teste', '12', '', '12345-678', 3, 1, 103, 1, 1, 1, ''),
(164, '2021-06-13', 'Endereço Teste', 'Rua teste', '12', '', '08780-228', 3, 1, 103, 1, 2, 1, ''),
(165, '2021-06-13', 'Endereço Teste', 'Rua teste', '12', '', '12345-678', 3, 1, 104, 1, 1, 1, ''),
(166, '2021-06-13', 'Endereço Teste', 'Rua teste', '12', '', '08780-228', 3, 1, 104, 1, 2, 1, ''),
(167, '2021-06-13', 'Endereço Teste', 'Rua teste', '12', '', '12345-678', 3, 1, 105, 1, 1, 1, ''),
(168, '2021-06-13', 'Endereço Teste', 'Rua teste', '12', '', '08780-228', 3, 1, 105, 1, 2, 1, ''),
(169, '2021-06-13', 'Endereço Teste', 'Rua teste', '12', '', '12345-678', 3, 1, 106, 1, 1, 1, ''),
(170, '2021-06-13', 'Endereço Teste', 'Rua teste', '12', '', '08780-228', 3, 1, 106, 1, 2, 1, ''),
(171, '2021-06-13', 'Endereço Teste', 'Rua teste', '12', '', '12345-678', 3, 1, 106, 1, 1, 1, ''),
(173, '2021-06-13', 'Endereço Teste', 'Rua teste', '12', '', '08780-228', 3, 1, 107, 1, 2, 1, ''),
(174, '2021-06-13', 'Endereço Teste', 'Rua teste', '12', '', '12345-678', 3, 1, 107, 1, 1, 1, '');

-- --------------------------------------------------------

--
-- Estrutura da tabela `estados`
--

CREATE TABLE `estados` (
  `id` bigint(20) NOT NULL,
  `dataCadastro` date NOT NULL,
  `descricao` varchar(255) COLLATE utf8_unicode_ci NOT NULL,
  `idPais` bigint(20) NOT NULL
) ENGINE=InnoDB DEFAULT CHARSET=utf8 COLLATE=utf8_unicode_ci;

--
-- Extraindo dados da tabela `estados`
--

INSERT INTO `estados` (`id`, `dataCadastro`, `descricao`, `idPais`) VALUES
(1, '2021-03-01', 'SP', 1),
(2, '2021-03-02', 'RJ', 1),
(4, '2021-04-25', 'MG', 1),
(5, '2021-04-25', 'AP', 1),
(6, '2021-06-03', 'NY', 2);

-- --------------------------------------------------------

--
-- Estrutura da tabela `fornecedores`
--

CREATE TABLE `fornecedores` (
  `id` bigint(20) NOT NULL,
  `dataCadastro` date NOT NULL,
  `nome` varchar(255) COLLATE utf8_unicode_ci NOT NULL,
  `email` varchar(255) COLLATE utf8_unicode_ci NOT NULL,
  `idDocumento` bigint(20) NOT NULL,
  `idEndereco` bigint(20) NOT NULL,
  `status` tinyint(4) NOT NULL
) ENGINE=InnoDB DEFAULT CHARSET=utf8 COLLATE=utf8_unicode_ci;

--
-- Extraindo dados da tabela `fornecedores`
--

INSERT INTO `fornecedores` (`id`, `dataCadastro`, `nome`, `email`, `idDocumento`, `idEndereco`, `status`) VALUES
(1, '2021-05-29', 'fornecedor tes', 'testea@fornecedor.com', 116, 122, 0),
(2, '2021-05-29', 'estet', 'asa@w.com', 117, 123, 1),
(3, '2021-06-03', 'teste fornec log', 'teste@fornecedor.log', 118, 124, 0),
(4, '2021-06-03', 'oo o', 'oo@oo.com', 119, 125, 1);

-- --------------------------------------------------------

--
-- Estrutura da tabela `funcoes_enderecos`
--

CREATE TABLE `funcoes_enderecos` (
  `id` bigint(20) NOT NULL,
  `dataCadastro` date NOT NULL,
  `nome` varchar(255) COLLATE utf8_unicode_ci NOT NULL,
  `descricao` varchar(255) COLLATE utf8_unicode_ci NOT NULL
) ENGINE=InnoDB DEFAULT CHARSET=utf8 COLLATE=utf8_unicode_ci;

--
-- Extraindo dados da tabela `funcoes_enderecos`
--

INSERT INTO `funcoes_enderecos` (`id`, `dataCadastro`, `nome`, `descricao`) VALUES
(1, '2021-04-21', 'Endereço de Cobrança', 'Endereço de Cobrança'),
(2, '2021-04-23', 'Endereço de Entrega', 'Endereço de Entrega'),
(3, '2021-04-23', 'Endereço de Cobrança e Entrega', 'Endereço de Cobrança e Entrega');

-- --------------------------------------------------------

--
-- Estrutura da tabela `generos`
--

CREATE TABLE `generos` (
  `id` bigint(20) NOT NULL,
  `dataCadastro` date NOT NULL,
  `nome` varchar(255) COLLATE utf8_unicode_ci NOT NULL
) ENGINE=InnoDB DEFAULT CHARSET=utf8 COLLATE=utf8_unicode_ci;

--
-- Extraindo dados da tabela `generos`
--

INSERT INTO `generos` (`id`, `dataCadastro`, `nome`) VALUES
(1, '2021-06-03', 'Masculino'),
(2, '2021-06-03', 'Feminino');

-- --------------------------------------------------------

--
-- Estrutura da tabela `grupos_precificacao`
--

CREATE TABLE `grupos_precificacao` (
  `id` bigint(20) NOT NULL,
  `dataCadastro` date NOT NULL,
  `nome` varchar(255) COLLATE utf8_unicode_ci NOT NULL,
  `porcentagem` double NOT NULL,
  `status` int(11) NOT NULL
) ENGINE=InnoDB DEFAULT CHARSET=utf8 COLLATE=utf8_unicode_ci;

--
-- Extraindo dados da tabela `grupos_precificacao`
--

INSERT INTO `grupos_precificacao` (`id`, `dataCadastro`, `nome`, `porcentagem`, `status`) VALUES
(1, '2021-04-15', 'Basic', 15, 1),
(2, '2021-04-15', 'Standard', 50, 1),
(4, '2021-04-28', 'u8', 4.49, 0),
(5, '2021-05-27', 'a2', 1, 0),
(6, '2021-06-02', 'asas', 12, 1);

-- --------------------------------------------------------

--
-- Estrutura da tabela `livros`
--

CREATE TABLE `livros` (
  `id` bigint(20) NOT NULL,
  `dataCadastro` date NOT NULL,
  `titulo` varchar(255) COLLATE utf8_unicode_ci NOT NULL,
  `isbn` varchar(255) COLLATE utf8_unicode_ci NOT NULL,
  `sinopse` varchar(255) COLLATE utf8_unicode_ci NOT NULL,
  `autorId` bigint(20) NOT NULL,
  `ano` varchar(255) COLLATE utf8_unicode_ci NOT NULL,
  `idEditora` bigint(20) NOT NULL,
  `edicao` varchar(255) COLLATE utf8_unicode_ci NOT NULL,
  `numeroPaginas` int(11) NOT NULL,
  `altura` double NOT NULL,
  `largura` double NOT NULL,
  `peso` double NOT NULL,
  `profundidade` double NOT NULL,
  `codigoBarras` varchar(255) COLLATE utf8_unicode_ci NOT NULL,
  `preco` double NOT NULL,
  `capa` varchar(2000) COLLATE utf8_unicode_ci DEFAULT NULL,
  `idGrupoPrecificacao` bigint(20) NOT NULL,
  `status` tinyint(4) NOT NULL,
  `dataAtivacao` date DEFAULT NULL
) ENGINE=InnoDB DEFAULT CHARSET=utf8 COLLATE=utf8_unicode_ci;

--
-- Extraindo dados da tabela `livros`
--

INSERT INTO `livros` (`id`, `dataCadastro`, `titulo`, `isbn`, `sinopse`, `autorId`, `ano`, `idEditora`, `edicao`, `numeroPaginas`, `altura`, `largura`, `peso`, `profundidade`, `codigoBarras`, `preco`, `capa`, `idGrupoPrecificacao`, `status`, `dataAtivacao`) VALUES
(6, '2021-04-09', 't', '1', '1', 2, '1', 2, 'e', 1, 2, 0, 2, 15, '1', 60, 'http://3.bp.blogspot.com/-ekuX3H_Xwcg/U7rzvcICUaI/AAAAAAAAFBA/I5CRx7YgwFk/s1600/Alice+no+Pa%C3%ADs+das+Maravilhas.jpg', 2, 0, '2021-05-03'),
(7, '2021-04-09', 'teste livro 2', '1', '1', 1, '1', 1, 'ee', 1, 4, 0, 1, 8, '1', 300, 'https://1.bp.blogspot.com/-oIA59s_DAzM/VbpkQpc0dnI/AAAAAAAADvM/LHdpTKiWL1s/s1600/01.jpg', 2, 1, '2021-05-03'),
(8, '2021-05-02', 'a', '1', '1', 1, '1', 1, '1', 1, 40, 20, 3, 20, '1', 30, 'https://imagens.lelivros.love/2016/05/Baixar-Livro-E-Nao-Sobrou-Nenhum-Agatha-Christie-em-PDF-ePub-e-Mobi-ou-ler-online.jpg', 2, 4, '2021-04-01'),
(9, '2021-05-11', 'TESTE NIOV', '12', 'testesss', 1, '1999', 1, 'aa', 12, 12, 0, 12, 12, '12', 12, 'https://www.infoescola.com/wp-content/uploads/2009/01/Harry-Potter-e-a-Pedra-Filosofal-livro.jpg', 1, 1, '2021-05-25'),
(10, '2021-05-27', 'asasas', '111', '111', 1, '111', 1, 'asa', 11, 111, 11, 11, 11, '11', 21, 'https://almabooks.com/wp-content/uploads/2016/10/9781847496164.jpg', 2, 4, '2021-05-27'),
(11, '2021-05-27', 'livro teste logue', '123247', 'lorem ipsum dolor sit amet', 1, '2010', 2, '2', 12, 20, 10, 11, 23, '10', 15, 'https://img.wook.pt/images/livro-de-receitas-paleo-irena-macri/MXwxNjU5MTI3NnwxMjIwMDkwM3wxNDUzNDIwODAwMDAw/500x', 2, 1, '2021-06-13'),
(12, '2021-06-03', 'livro lis', '12', 'livro de receitas para teste', 1, '1998', 2, '50', 12, 12, 12, 12, 12, '134546576', 14, 'http://1.bp.blogspot.com/_SeCgIg2cMWY/TSDsqvED5XI/AAAAAAAAAHc/IxrqO06nmgY/s1600/img299.jpg', 2, 0, NULL),
(13, '2021-06-10', 'teste inativacao automatica', '543', 'teste da funcionalidade de inativação automática dos livros que não atingirem uma quantia satisfatória de vendas.', 1, '1988', 2, '4', 300, 13, 8, 0.8, 2, '1234567899', 50, 'http://www.coxinhanerd.com.br/wp-content/uploads/2014/12/eu-robo.jpg', 6, 4, '2021-05-13');

-- --------------------------------------------------------

--
-- Estrutura da tabela `livros_categorias`
--

CREATE TABLE `livros_categorias` (
  `id` bigint(20) NOT NULL,
  `idLivro` bigint(20) NOT NULL,
  `idCategoria` bigint(20) NOT NULL
) ENGINE=InnoDB DEFAULT CHARSET=utf8 COLLATE=utf8_unicode_ci;

--
-- Extraindo dados da tabela `livros_categorias`
--

INSERT INTO `livros_categorias` (`id`, `idLivro`, `idCategoria`) VALUES
(1, 9, 1),
(11, 6, 3),
(12, 7, 2),
(13, 7, 3),
(14, 8, 1),
(15, 10, 1),
(16, 11, 3),
(17, 11, 2),
(19, 12, 2),
(20, 13, 1);

-- --------------------------------------------------------

--
-- Estrutura da tabela `livros_estoque`
--

CREATE TABLE `livros_estoque` (
  `id` bigint(20) NOT NULL,
  `dataCadastro` date NOT NULL,
  `quantidade` int(11) NOT NULL,
  `custo` double NOT NULL,
  `dataEntrada` date NOT NULL,
  `fornecedorId` bigint(20) DEFAULT NULL,
  `livroId` bigint(20) NOT NULL,
  `tipoMovimentacao` int(11) NOT NULL,
  `idCliente` bigint(20) DEFAULT NULL,
  `idUsuarioAdmin` bigint(20) DEFAULT NULL
) ENGINE=InnoDB DEFAULT CHARSET=utf8 COLLATE=utf8_unicode_ci;

--
-- Extraindo dados da tabela `livros_estoque`
--

INSERT INTO `livros_estoque` (`id`, `dataCadastro`, `quantidade`, `custo`, `dataEntrada`, `fornecedorId`, `livroId`, `tipoMovimentacao`, `idCliente`, `idUsuarioAdmin`) VALUES
(1, '2021-04-15', 1, 3, '2009-11-11', 1, 7, 1, NULL, NULL),
(2, '2021-04-15', 40, 8, '2020-02-11', 2, 7, 1, NULL, NULL),
(3, '2021-04-28', 2, 2, '2021-04-28', 1, 7, 2, NULL, NULL),
(4, '2021-04-16', 5, 1, '2021-04-13', 2, 7, 4, NULL, NULL),
(5, '2021-04-16', 10, 0, '2021-04-16', 0, 7, 2, NULL, NULL),
(6, '2021-04-16', 40, 8, '2008-08-08', 1, 7, 1, NULL, NULL),
(7, '2021-04-16', 24, 0, '2021-04-16', 0, 7, 2, NULL, NULL),
(8, '2021-04-16', 3, 0, '2021-04-16', 0, 7, 2, NULL, NULL),
(9, '2021-04-16', 12, 1, '2002-02-22', 1, 6, 1, NULL, NULL),
(10, '2021-04-18', 1, 0, '2021-04-18', 0, 7, 2, NULL, NULL),
(11, '2021-04-18', 1, 0, '2021-04-18', 0, 7, 2, NULL, NULL),
(12, '2021-04-18', 3, 0, '2021-04-18', 0, 7, 2, NULL, NULL),
(13, '2021-04-18', 1, 0, '2021-04-18', 0, 7, 3, 34, NULL),
(14, '2021-04-18', 2, 0, '2021-04-18', 0, 7, 3, 34, NULL),
(15, '2021-04-19', 6, 0, '2021-04-19', 0, 7, 2, NULL, NULL),
(16, '2021-04-19', 6, 0, '2021-04-19', 0, 7, 2, NULL, NULL),
(17, '2021-04-19', 6, 0, '2021-04-19', 0, 7, 2, NULL, NULL),
(18, '2021-04-20', 3, 1, '1999-11-11', 1, 6, 1, NULL, NULL),
(19, '2021-04-20', 20, 1, '1999-11-11', 1, 6, 1, NULL, NULL),
(20, '2021-04-20', 2, 0, '2021-04-20', 0, 6, 2, NULL, NULL),
(21, '2021-04-20', 3, 0, '2021-04-20', 0, 7, 2, NULL, NULL),
(22, '2021-04-20', 2, 0, '2021-04-20', 0, 6, 2, NULL, NULL),
(23, '2021-04-20', 3, 0, '2021-04-20', 0, 7, 2, NULL, NULL),
(24, '2021-04-21', 4, 2.5, '1999-11-11', 1, 6, 1, NULL, NULL),
(25, '2021-04-21', 10, 13, '2000-02-20', 1, 6, 1, NULL, NULL),
(26, '2021-04-21', 1, 10, '1999-11-11', 2, 6, 1, NULL, NULL),
(29, '2021-04-21', 1, 10, '1999-11-11', 1, 7, 1, NULL, NULL),
(30, '2021-04-21', 10, 100, '1999-11-11', 1, 7, 1, NULL, NULL),
(31, '2021-04-21', 10, 120, '1999-11-11', 1, 7, 1, NULL, NULL),
(32, '2021-04-21', 10, 15, '1999-11-11', 1, 6, 1, NULL, NULL),
(33, '2021-04-21', 1, 30, '1999-11-11', 1, 6, 1, NULL, NULL),
(34, '2021-04-21', 2, 40, '1999-11-11', 2, 6, 1, NULL, NULL),
(35, '2021-04-21', 2, 200, '1999-11-11', 2, 7, 1, NULL, NULL),
(36, '2021-04-21', 1, 0, '2021-04-21', 0, 7, 3, 34, NULL),
(37, '2021-04-22', 5, 0, '2021-04-22', 0, 6, 2, NULL, NULL),
(38, '2021-04-22', 1, 0, '2021-04-22', 0, 7, 2, NULL, NULL),
(39, '2021-04-22', 1, 0, '2021-04-22', 0, 6, 2, NULL, NULL),
(40, '2021-04-22', 1, 0, '2021-04-22', 0, 6, 2, NULL, NULL),
(41, '2021-04-22', 1, 0, '2021-04-22', 0, 6, 2, NULL, NULL),
(42, '2021-04-22', 1, 0, '2021-04-22', 0, 6, 2, NULL, NULL),
(43, '2021-04-24', 1, 0, '2021-04-24', 0, 6, 2, NULL, NULL),
(44, '2021-04-24', 1, 0, '2021-04-24', 0, 6, 2, NULL, NULL),
(45, '2021-04-24', 7, 0, '2021-04-24', 0, 6, 2, NULL, NULL),
(46, '2021-04-24', 2, 2, '2005-05-22', 1, 7, 1, NULL, 60),
(47, '2021-04-24', 1, 0, '2021-04-24', 0, 6, 2, NULL, NULL),
(48, '2021-04-25', 4, 0, '2021-04-25', 0, 7, 2, NULL, NULL),
(49, '2021-04-25', 1, 0, '2021-04-25', 0, 6, 2, NULL, NULL),
(50, '2021-04-25', 4, 0, '2021-04-25', 0, 6, 2, NULL, NULL),
(51, '2021-04-25', 2, 0, '2021-04-25', 0, 6, 2, NULL, NULL),
(52, '2021-04-25', 2, 0, '2021-04-25', 0, 6, 2, NULL, NULL),
(53, '2021-04-25', 1, 0, '2021-04-25', 0, 6, 2, NULL, NULL),
(54, '2021-04-25', 1, 0, '2021-04-25', 0, 6, 2, NULL, NULL),
(55, '2021-04-25', 1, 0, '2021-04-25', 0, 6, 2, NULL, NULL),
(56, '2021-04-25', 1, 0, '2021-04-25', 0, 6, 2, NULL, NULL),
(57, '2021-04-25', 1, 0, '2021-04-25', 0, 6, 2, NULL, NULL),
(58, '2021-04-25', 1, 0, '2021-04-25', 0, 6, 2, NULL, NULL),
(59, '2021-04-25', 1, 0, '2021-04-25', 0, 6, 2, NULL, NULL),
(60, '2021-04-26', 2, 0, '2021-04-26', 0, 6, 2, NULL, NULL),
(61, '2021-04-26', 1, 0, '2021-04-26', 0, 6, 2, NULL, NULL),
(62, '2021-04-26', 1, 0, '2021-04-26', 0, 6, 2, NULL, NULL),
(63, '2021-04-26', 1, 0, '2021-04-26', 0, 6, 2, NULL, NULL),
(64, '2021-04-26', 1, 0, '2021-04-26', 0, 6, 2, NULL, NULL),
(65, '2021-04-26', 1, 0, '2021-04-26', 0, 6, 2, NULL, NULL),
(66, '2021-04-26', 1, 0, '2021-04-26', 0, 6, 2, NULL, NULL),
(67, '2021-04-26', 1, 0, '2021-04-26', 0, 6, 2, NULL, NULL),
(68, '2021-04-26', 100, 10, '1999-11-11', 1, 6, 1, NULL, 60),
(69, '2021-04-26', 500, 12, '1999-11-11', 1, 6, 1, NULL, 60),
(70, '2021-04-26', 5, 0, '2021-04-26', 0, 6, 2, NULL, NULL),
(71, '2021-04-26', 5, 0, '2021-04-26', 0, 6, 2, NULL, NULL),
(72, '2021-04-26', 5, 0, '2021-04-26', 0, 6, 2, NULL, NULL),
(73, '2021-04-26', 5, 0, '2021-04-26', 0, 6, 2, NULL, NULL),
(74, '2021-04-26', 5, 0, '2021-04-26', 0, 6, 2, NULL, NULL),
(75, '2021-04-26', 5, 0, '2021-04-26', 0, 6, 2, NULL, NULL),
(76, '2021-04-27', 5, 0, '2021-04-27', 0, 6, 2, NULL, NULL),
(77, '2021-04-27', 12, 0, '2021-04-27', 0, 6, 2, NULL, NULL),
(78, '2021-04-27', 5, 0, '2021-04-27', 0, 6, 2, NULL, NULL),
(79, '2021-04-27', 12, 0, '2021-04-27', 0, 6, 2, NULL, NULL),
(80, '2021-04-27', 12, 0, '2021-04-27', 0, 6, 2, NULL, NULL),
(81, '2021-04-27', 12, 0, '2021-04-27', 0, 6, 2, NULL, NULL),
(82, '2021-04-27', 12, 0, '2021-04-27', 0, 6, 2, NULL, NULL),
(83, '2021-04-27', 5, 0, '2021-04-27', 0, 6, 2, NULL, NULL),
(84, '2021-04-27', 5, 0, '2021-04-27', 0, 6, 2, NULL, NULL),
(85, '2021-04-27', 5, 0, '2021-04-27', 0, 6, 2, NULL, NULL),
(86, '2021-04-27', 5, 0, '2021-04-27', 0, 6, 2, NULL, NULL),
(87, '2021-04-27', 5, 0, '2021-04-27', 0, 6, 2, NULL, NULL),
(88, '2021-04-27', 5, 0, '2021-04-27', 0, 6, 2, NULL, NULL),
(89, '2021-04-27', 5, 0, '2021-04-27', 0, 6, 2, NULL, NULL),
(90, '2021-04-27', 2, 0, '2021-04-27', 0, 6, 3, 91, NULL),
(91, '2021-05-07', 2, 0, '2021-05-07', 0, 6, 2, NULL, NULL),
(92, '2021-05-08', 12, 0, '2021-05-08', 0, 6, 2, NULL, NULL),
(93, '2021-05-08', 12, 0, '2021-05-08', 0, 6, 2, NULL, NULL),
(94, '2021-05-08', 5, 0, '2021-05-08', 0, 6, 2, NULL, NULL),
(95, '2021-05-08', 5, 0, '2021-05-08', 0, 6, 2, NULL, NULL),
(96, '2021-05-09', 5, 0, '2021-05-09', 0, 6, 2, NULL, NULL),
(97, '2021-05-09', 5, 0, '2021-05-09', 0, 6, 2, NULL, NULL),
(98, '2021-05-09', 5, 0, '2021-05-09', 0, 6, 2, NULL, NULL),
(99, '2021-05-09', 5, 0, '2021-05-09', 0, 6, 2, NULL, NULL),
(100, '2021-05-09', 5, 0, '2021-05-09', 0, 6, 2, NULL, NULL),
(101, '2021-05-09', 5, 0, '2021-05-09', 0, 6, 2, NULL, NULL),
(102, '2021-05-09', 2, 0, '2021-05-09', 0, 6, 3, 91, NULL),
(103, '2021-05-09', 5, 0, '2021-05-09', 0, 6, 2, NULL, NULL),
(104, '2021-05-09', 2, 0, '2021-05-09', 0, 6, 3, 91, NULL),
(105, '2021-05-09', 5, 0, '2021-05-09', 0, 6, 2, NULL, NULL),
(106, '2021-05-09', 2, 0, '2021-05-09', 0, 6, 3, 91, NULL),
(107, '2021-05-09', 5, 0, '2021-05-09', 0, 6, 2, NULL, NULL),
(108, '2021-05-09', 2, 0, '2021-05-09', 0, 6, 3, 91, NULL),
(109, '2021-05-09', 5, 0, '2021-05-09', 0, 6, 2, NULL, NULL),
(110, '2021-05-09', 2, 0, '2021-05-09', 0, 6, 3, 91, NULL),
(111, '2021-05-09', 5, 0, '2021-05-09', 0, 6, 2, NULL, NULL),
(112, '2021-05-09', 2, 0, '2021-05-09', 0, 6, 3, 91, NULL),
(113, '2021-05-09', 12, 0, '2021-05-09', 0, 6, 2, NULL, NULL),
(114, '2021-05-09', 4, 0, '2021-05-09', 0, 7, 2, NULL, NULL),
(115, '2021-05-09', 2, 0, '2021-05-09', 0, 6, 3, 91, NULL),
(116, '2021-05-09', 12, 0, '2021-05-09', 0, 6, 2, NULL, NULL),
(117, '2021-05-09', 4, 0, '2021-05-09', 0, 7, 2, NULL, NULL),
(118, '2021-05-09', 200, 1, '1999-02-22', 1, 6, 1, NULL, 60),
(119, '2021-05-09', 200, 1, '1999-11-11', 1, 7, 1, NULL, 60),
(120, '2021-05-09', 5, 0, '2021-05-09', 0, 6, 2, NULL, NULL),
(121, '2021-05-09', 2, 0, '2021-05-09', 0, 6, 3, 91, NULL),
(122, '2021-05-09', 5, 0, '2021-05-09', 0, 6, 2, NULL, NULL),
(123, '2021-05-09', 2, 0, '2021-05-09', 0, 6, 3, 91, NULL),
(124, '2021-05-09', 5, 0, '2021-05-09', 0, 6, 2, NULL, NULL),
(125, '2021-05-09', 2, 0, '2021-05-09', 0, 6, 3, 91, NULL),
(126, '2021-05-09', 5, 0, '2021-05-09', 0, 6, 2, NULL, NULL),
(127, '2021-05-09', 2, 0, '2021-05-09', 0, 6, 3, 91, NULL),
(128, '2021-05-11', 5, 0, '2021-05-11', 0, 6, 2, NULL, NULL),
(129, '2021-05-11', 2, 0, '2021-05-11', 0, 6, 3, 91, NULL),
(130, '2021-05-11', 5, 0, '2021-05-11', 0, 6, 2, NULL, NULL),
(131, '2021-05-11', 2, 0, '2021-05-11', 0, 6, 3, 91, NULL),
(132, '2021-05-11', 5, 0, '2021-05-11', 0, 6, 2, NULL, NULL),
(133, '2021-05-11', 2, 0, '2021-05-11', 0, 6, 3, 91, NULL),
(134, '2021-05-11', 5, 0, '2021-05-11', 0, 6, 2, NULL, NULL),
(135, '2021-05-11', 2, 0, '2021-05-11', 0, 6, 3, 91, NULL),
(136, '2021-05-11', 5, 0, '2021-05-11', 0, 6, 2, NULL, NULL),
(137, '2021-05-11', 2, 0, '2021-05-11', 0, 6, 3, 91, NULL),
(138, '2021-05-11', 5, 0, '2021-05-11', 0, 6, 2, NULL, NULL),
(139, '2021-05-11', 2, 0, '2021-05-11', 0, 6, 3, 91, NULL),
(140, '2021-05-11', 5, 0, '2021-05-11', 0, 6, 2, NULL, NULL),
(141, '2021-05-11', 2, 0, '2021-05-11', 0, 6, 3, 91, NULL),
(142, '2021-05-11', 5, 0, '2021-05-11', 0, 6, 2, NULL, NULL),
(143, '2021-05-11', 2, 0, '2021-05-11', 0, 6, 3, 91, NULL),
(144, '2021-05-11', 5, 0, '2021-05-11', 0, 6, 2, NULL, NULL),
(145, '2021-05-11', 2, 0, '2021-05-11', 0, 6, 3, 91, NULL),
(146, '2021-05-11', 200, 1, '1999-01-01', 1, 6, 1, NULL, 60),
(147, '2021-05-11', 900, 1, '2009-02-02', 1, 7, 1, NULL, 60),
(148, '2021-05-11', 5, 0, '2021-05-11', 0, 6, 2, NULL, NULL),
(149, '2021-05-11', 2, 0, '2021-05-11', 0, 6, 3, 91, NULL),
(150, '2021-05-11', 5, 0, '2021-05-11', 0, 6, 2, NULL, NULL),
(151, '2021-05-11', 2, 0, '2021-05-11', 0, 6, 3, 91, NULL),
(152, '2021-05-11', 9, 10, '2021-04-10', 1, 8, 1, NULL, 60),
(153, '2021-05-11', 10, 20, '2021-04-20', 1, 8, 1, NULL, 60),
(154, '2021-05-22', 2, 0, '2021-05-22', 0, 7, 2, NULL, NULL),
(155, '2021-06-03', 4, 2, '1999-11-11', 1, 10, 1, NULL, 60),
(156, '2021-06-03', 3, 3.5, '2021-05-20', 1, 10, 1, NULL, 60),
(157, '2021-06-03', 6, 9, '2020-12-12', 2, 10, 1, NULL, 60),
(158, '2021-06-03', 2, 1, '2020-11-11', 2, 10, 1, NULL, 60),
(159, '2021-06-03', 5, 4, '2021-04-20', 1, 10, 1, NULL, 60),
(160, '2021-06-03', 20, 14, '1999-11-11', 1, 10, 1, NULL, 60),
(161, '2021-06-04', 2, 0, '2021-06-04', 0, 8, 3, 91, NULL),
(162, '2021-06-04', 100, 10, '1999-11-11', 1, 9, 1, NULL, 60),
(163, '2021-06-04', 200, 10, '1999-11-11', 1, 11, 1, NULL, 60),
(164, '2021-06-04', 300, 12, '1999-11-11', 1, 12, 1, NULL, 60),
(165, '2021-06-04', 5, 0, '2021-06-04', 0, 7, 2, NULL, NULL),
(166, '2021-06-04', 1, 0, '2021-06-04', 0, 9, 2, NULL, NULL),
(167, '2021-06-04', 5, 0, '2021-06-04', 0, 7, 2, NULL, NULL),
(168, '2021-06-04', 1, 0, '2021-06-04', 0, 9, 2, NULL, NULL),
(169, '2021-06-04', 2, 0, '2021-06-04', 0, 7, 3, 91, NULL),
(170, '2021-06-04', 5, 0, '2021-06-04', 0, 7, 2, NULL, NULL),
(171, '2021-06-04', 2, 0, '2021-06-04', 0, 7, 3, 91, NULL),
(172, '2021-06-04', 5, 0, '2021-06-04', 0, 7, 2, NULL, NULL),
(173, '2021-06-04', 1, 0, '2021-06-04', 0, 9, 2, NULL, NULL),
(174, '2021-06-04', 5, 0, '2021-06-04', 0, 7, 2, NULL, NULL),
(175, '2021-06-04', 5, 0, '2021-06-04', 0, 7, 2, NULL, NULL),
(176, '2021-06-04', 2, 0, '2021-06-04', 0, 7, 3, 91, NULL),
(177, '2021-06-05', 5, 0, '2021-06-05', 0, 7, 2, NULL, NULL),
(178, '2021-06-05', 2, 0, '2021-06-05', 0, 7, 3, 91, NULL),
(179, '2021-06-05', 5, 0, '2021-06-05', 0, 7, 2, NULL, NULL),
(180, '2021-06-05', 2, 0, '2021-06-05', 0, 7, 3, 91, NULL),
(181, '2021-06-05', 2, 0, '2021-06-05', 0, 7, 3, 91, NULL),
(182, '2021-06-05', 5, 0, '2021-06-05', 0, 7, 2, NULL, NULL),
(183, '2021-06-05', 2, 0, '2021-06-05', 0, 7, 3, 91, NULL),
(184, '2021-06-05', 5, 0, '2021-06-05', 0, 7, 2, NULL, NULL),
(185, '2021-06-05', 2, 0, '2021-06-05', 0, 7, 3, 91, NULL),
(186, '2021-06-05', 5, 0, '2021-06-05', 0, 7, 2, NULL, NULL),
(187, '2021-06-05', 2, 0, '2021-06-05', 0, 7, 3, 91, NULL),
(188, '2021-06-05', 5, 0, '2021-06-05', 0, 7, 2, NULL, NULL),
(189, '2021-06-05', 2, 0, '2021-06-05', 0, 7, 3, 91, NULL),
(190, '2021-06-05', 5, 0, '2021-06-05', 0, 7, 2, NULL, NULL),
(191, '2021-06-05', 2, 0, '2021-06-05', 0, 7, 3, 91, NULL),
(192, '2021-06-05', 5, 0, '2021-06-05', 0, 7, 2, NULL, NULL),
(193, '2021-06-05', 2, 0, '2021-06-05', 0, 7, 3, 91, NULL),
(194, '2021-06-05', 5, 0, '2021-06-05', 0, 7, 2, NULL, NULL),
(195, '2021-06-05', 1, 0, '2021-06-05', 0, 9, 2, NULL, NULL),
(196, '2021-06-05', 5, 0, '2021-06-05', 0, 7, 2, NULL, NULL),
(197, '2021-06-05', 1, 0, '2021-06-05', 0, 9, 2, NULL, NULL),
(198, '2021-06-05', 5, 0, '2021-06-05', 0, 7, 2, NULL, NULL),
(199, '2021-06-05', 1, 0, '2021-06-05', 0, 9, 2, NULL, NULL),
(200, '2021-06-05', 5, 0, '2021-06-05', 0, 7, 2, NULL, NULL),
(201, '2021-06-05', 1, 0, '2021-06-05', 0, 9, 2, NULL, NULL),
(202, '2021-06-05', 5, 0, '2021-06-05', 0, 7, 2, NULL, NULL),
(203, '2021-06-05', 1, 0, '2021-06-05', 0, 9, 2, NULL, NULL),
(204, '2021-06-05', 5, 0, '2021-06-05', 0, 7, 2, NULL, NULL),
(205, '2021-06-05', 1, 0, '2021-06-05', 0, 9, 2, NULL, NULL),
(206, '2021-06-05', 5, 0, '2021-06-05', 0, 7, 2, NULL, NULL),
(207, '2021-06-05', 1, 0, '2021-06-05', 0, 9, 2, NULL, NULL),
(208, '2021-06-05', 5, 0, '2021-06-05', 0, 7, 2, NULL, NULL),
(209, '2021-06-05', 1, 0, '2021-06-05', 0, 9, 2, NULL, NULL),
(210, '2021-06-05', 5, 0, '2021-06-05', 0, 7, 2, NULL, NULL),
(211, '2021-06-05', 2, 0, '2021-06-05', 0, 7, 3, 91, NULL),
(212, '2021-06-05', 5, 0, '2021-06-05', 0, 7, 2, NULL, NULL),
(213, '2021-06-05', 2, 0, '2021-06-05', 0, 7, 3, 91, NULL),
(214, '2021-06-09', 5, 0, '2021-06-09', 0, 7, 2, NULL, NULL),
(215, '2021-06-09', 1, 0, '2021-06-09', 0, 9, 2, NULL, NULL),
(216, '2021-06-09', 5, 0, '2021-06-09', 0, 7, 2, NULL, NULL),
(217, '2021-06-09', 1, 0, '2021-06-09', 0, 9, 2, NULL, NULL),
(218, '2021-06-09', 5, 0, '2021-06-09', 0, 7, 2, NULL, NULL),
(219, '2021-06-09', 1, 0, '2021-06-09', 0, 9, 2, NULL, NULL),
(220, '2021-06-09', 5, 0, '2021-06-09', 0, 7, 2, NULL, NULL),
(221, '2021-06-09', 5, 0, '2021-06-09', 0, 7, 2, NULL, NULL),
(222, '2021-06-13', 5, 0, '2021-06-13', 0, 7, 2, NULL, NULL),
(223, '2021-06-13', 1, 0, '2021-06-13', 0, 9, 2, NULL, NULL),
(224, '2021-06-13', 5, 0, '2021-06-13', 0, 7, 2, NULL, NULL),
(225, '2021-06-13', 1, 0, '2021-06-13', 0, 9, 2, NULL, NULL),
(226, '2021-06-13', 5, 0, '2021-06-13', 0, 7, 2, NULL, NULL),
(227, '2021-06-13', 5, 0, '2021-06-13', 0, 7, 2, NULL, NULL),
(228, '2021-06-13', 2, 0, '2021-06-13', 0, 7, 3, 91, NULL),
(229, '2021-06-13', 5, 0, '2021-06-13', 0, 7, 2, NULL, NULL),
(230, '2021-06-13', 2, 0, '2021-06-13', 0, 7, 3, 91, NULL);

-- --------------------------------------------------------

--
-- Estrutura da tabela `logs`
--

CREATE TABLE `logs` (
  `id` bigint(20) NOT NULL,
  `dataCadastro` date NOT NULL
) ENGINE=InnoDB DEFAULT CHARSET=utf8 COLLATE=utf8_unicode_ci;

-- --------------------------------------------------------

--
-- Estrutura da tabela `notificacoes`
--

CREATE TABLE `notificacoes` (
  `id` bigint(20) NOT NULL,
  `dataCadastro` date NOT NULL,
  `idCliente` bigint(20) NOT NULL,
  `descricao` varchar(255) COLLATE utf8_unicode_ci NOT NULL,
  `cor` varchar(6) COLLATE utf8_unicode_ci DEFAULT NULL
) ENGINE=InnoDB DEFAULT CHARSET=utf8 COLLATE=utf8_unicode_ci;

-- --------------------------------------------------------

--
-- Estrutura da tabela `paises`
--

CREATE TABLE `paises` (
  `id` bigint(20) NOT NULL,
  `dataCadastro` date NOT NULL,
  `descricao` varchar(255) COLLATE utf8_unicode_ci NOT NULL
) ENGINE=InnoDB DEFAULT CHARSET=utf8 COLLATE=utf8_unicode_ci;

--
-- Extraindo dados da tabela `paises`
--

INSERT INTO `paises` (`id`, `dataCadastro`, `descricao`) VALUES
(1, '2021-02-24', 'Brasil'),
(2, '2021-02-24', 'EUA');

-- --------------------------------------------------------

--
-- Estrutura da tabela `pedidos`
--

CREATE TABLE `pedidos` (
  `id` bigint(20) NOT NULL,
  `dataCadastro` date NOT NULL,
  `idUsuario` bigint(20) NOT NULL,
  `status` tinyint(4) NOT NULL,
  `idEndereco` bigint(20) NOT NULL,
  `valorFrete` double NOT NULL,
  `idCupomDesconto` bigint(20) DEFAULT NULL,
  `idCarrinho` bigint(20) NOT NULL,
  `valorTotal` double NOT NULL,
  `valorDescontos` double DEFAULT NULL,
  `prazo` int(11) NOT NULL,
  `tipoServico` varchar(10) COLLATE utf8_unicode_ci NOT NULL,
  `dataAlteracao` date DEFAULT NULL
) ENGINE=InnoDB DEFAULT CHARSET=utf8 COLLATE=utf8_unicode_ci;

--
-- Extraindo dados da tabela `pedidos`
--

INSERT INTO `pedidos` (`id`, `dataCadastro`, `idUsuario`, `status`, `idEndereco`, `valorFrete`, `idCupomDesconto`, `idCarrinho`, `valorTotal`, `valorDescontos`, `prazo`, `tipoServico`, `dataAlteracao`) VALUES
(6, '2021-04-13', 34, 4, 14, 0, NULL, 3, 0, NULL, 0, '', NULL),
(7, '2021-04-13', 34, 5, 14, 0, NULL, 4, 0, NULL, 0, '', NULL),
(12, '2021-04-13', 34, 4, 14, 0, NULL, 9, 0, NULL, 0, '', NULL),
(13, '2021-04-13', 34, 8, 14, 0, 1, 10, 0, NULL, 0, '', NULL),
(14, '2021-04-13', 34, 8, 14, 0, 1, 11, 2, 10, 0, '', NULL),
(15, '2021-04-13', 34, 8, 14, 0, 1, 12, 12, 10, 0, '', NULL),
(16, '2021-04-13', 34, 8, 14, 0, 1, 13, 12, 10, 0, '', NULL),
(17, '2021-04-13', 34, 8, 14, 0, 1, 14, 12, 10, 0, '', NULL),
(18, '2021-04-13', 34, 8, 14, 0, 1, 15, 12, 10, 0, '', NULL),
(19, '2021-04-13', 34, 8, 14, 0, 1, 16, 12, 10, 0, '', NULL),
(20, '2021-04-13', 34, 8, 14, 0, 1, 17, 12, 10, 0, '', NULL),
(21, '2021-04-13', 34, 8, 14, 0, 1, 18, 12, 10, 0, '', NULL),
(22, '2021-04-13', 34, 4, 14, 0, 1, 19, 12, 10, 0, '', NULL),
(24, '2021-04-15', 34, 8, 14, 0, NULL, 20, 12, NULL, 0, '', NULL),
(25, '2021-04-15', 34, 8, 14, 0, NULL, 21, 2, NULL, 0, '', NULL),
(26, '2021-04-15', 34, 8, 14, 0, NULL, 22, 2, NULL, 0, '', NULL),
(27, '2021-04-15', 34, 8, 14, 0, NULL, 23, 4, NULL, 0, '', NULL),
(28, '2021-04-16', 34, 8, 14, 0, NULL, 24, 50, NULL, 0, '', NULL),
(29, '2021-04-16', 34, 8, 14, 0, NULL, 25, 120, NULL, 0, '', NULL),
(30, '2021-04-16', 34, 7, 14, 0, NULL, 26, 15, NULL, 0, '', NULL),
(33, '2021-04-18', 34, 8, 14, 0, 1, 29, 15, 10, 0, '', NULL),
(34, '2021-04-19', 34, 8, 14, 0, 1, 30, 30, 10, 0, '', NULL),
(35, '2021-04-19', 34, 8, 14, 0, 1, 31, 30, 10, 0, '', NULL),
(36, '2021-04-19', 34, 8, 14, 0, 1, 32, 30, 10, 0, '', NULL),
(38, '2021-04-20', 34, 5, 14, 0, NULL, 33, 17, NULL, 0, '', NULL),
(39, '2021-04-22', 34, 8, 14, 342.2, NULL, 34, 520, NULL, 0, '', NULL),
(40, '2021-04-22', 34, 8, 14, 114.4, NULL, 35, 52, NULL, 4, '', NULL),
(41, '2021-04-22', 34, 8, 0, 101.9, NULL, 36, 52, NULL, 13, '', NULL),
(42, '2021-04-22', 34, 8, 14, 48.9, NULL, 37, 52, NULL, 12, '04510', NULL),
(43, '2021-04-22', 34, 8, 14, 114.4, NULL, 38, 52, NULL, 4, '04014', NULL),
(44, '2021-04-24', 90, 8, 99, 114.4, NULL, 39, 52, NULL, 4, '04014', NULL),
(45, '2021-04-24', 90, 4, 99, 114.4, NULL, 40, 52, NULL, 4, '04014', NULL),
(46, '2021-04-24', 90, 8, 99, 455.9, NULL, 41, 364, NULL, 4, '04014', NULL),
(47, '2021-04-24', 90, 8, 101, 114.4, NULL, 42, 52, NULL, 4, '04014', NULL),
(48, '2021-04-25', 91, 8, 103, 74.1, NULL, 43, 1092, NULL, 12, '04014', NULL),
(49, '2021-04-25', 91, 2, 102, 180.2, NULL, 44, 208, NULL, 13, '04510', NULL),
(50, '2021-04-25', 91, 4, 102, 219.5, NULL, 45, 104, NULL, 4, '04014', NULL),
(51, '2021-04-25', 91, 2, 102, 124.3, NULL, 46, 104, NULL, 13, '04510', NULL),
(52, '2021-04-25', 91, 2, 102, 219.5, NULL, 47, 104, NULL, 4, '04014', NULL),
(53, '2021-04-25', 91, 2, 102, 149.6, NULL, 49, 52, NULL, 4, '04014', NULL),
(54, '2021-04-25', 91, 2, 102, 101.9, NULL, 50, 52, NULL, 13, '04510', NULL),
(55, '2021-04-25', 91, 2, 102, 101.9, NULL, 51, 52, NULL, 13, '04510', NULL),
(56, '2021-04-25', 91, 2, 102, 149.6, NULL, 52, 52, NULL, 4, '04014', NULL),
(57, '2021-04-25', 91, 2, 102, 149.6, NULL, 53, 52, NULL, 4, '04014', NULL),
(58, '2021-04-25', 91, 2, 102, 149.6, NULL, 54, 52, NULL, 4, '04014', NULL),
(59, '2021-04-25', 91, 2, 103, 45.8, NULL, 55, 52, NULL, 12, '04014', NULL),
(60, '2021-04-26', 91, 8, 102, 219.5, NULL, 57, 104, NULL, 4, '04014', NULL),
(61, '2021-04-26', 91, 2, 103, 45.8, NULL, 58, 52, NULL, 12, '04014', NULL),
(62, '2021-04-26', 91, 8, 102, 149.6, NULL, 59, 52, NULL, 4, '04014', NULL),
(63, '2021-04-26', 91, 2, 102, 149.6, NULL, 60, 52, NULL, 4, '04014', NULL),
(64, '2021-04-26', 91, 8, 102, 440.9, NULL, 61, 624, NULL, 2, '04014', NULL),
(65, '2021-04-26', 91, 8, 102, 440.9, NULL, 62, 624, NULL, 2, '04014', NULL),
(66, '2021-04-26', 91, 8, 102, 440.9, NULL, 63, 624, NULL, 2, '04014', NULL),
(67, '2021-04-26', 91, 8, 102, 440.9, NULL, 64, 624, NULL, 2, '04014', NULL),
(68, '2021-04-26', 91, 8, 102, 440.9, NULL, 65, 624, NULL, 2, '04014', NULL),
(69, '2021-04-26', 91, 8, 102, 440.9, NULL, 66, 624, NULL, 2, '04014', NULL),
(70, '2021-04-26', 91, 8, 102, 440.9, NULL, 67, 624, NULL, 2, '04014', NULL),
(71, '2021-04-26', 91, 8, 102, 440.9, NULL, 68, 624, NULL, 2, '04014', NULL),
(72, '2021-04-26', 91, 8, 102, 440.9, NULL, 69, 624, NULL, 2, '04014', NULL),
(73, '2021-04-26', 91, 8, 102, 440.9, NULL, 70, 624, NULL, 2, '04014', NULL),
(74, '2021-04-26', 91, 8, 102, 440.9, NULL, 71, 624, NULL, 2, '04014', NULL),
(75, '2021-04-26', 91, 8, 102, 440.9, NULL, 72, 624, NULL, 2, '04014', NULL),
(76, '2021-04-26', 91, 8, 102, 440.9, NULL, 73, 624, NULL, 2, '04014', NULL),
(77, '2021-04-26', 91, 8, 102, 440.9, NULL, 74, 624, NULL, 2, '04014', NULL),
(78, '2021-04-26', 91, 2, 102, 159.5, 1, 75, 260, 10, 2, '04014', NULL),
(79, '2021-04-26', 91, 8, 102, 440.9, NULL, 76, 624, NULL, 2, '04014', NULL),
(80, '2021-04-26', 91, 2, 102, 159.5, 1, 77, 260, 10, 2, '04014', NULL),
(81, '2021-04-26', 91, 8, 102, 440.9, NULL, 78, 624, NULL, 2, '04014', NULL),
(82, '2021-04-26', 91, 2, 102, 159.5, 1, 79, 260, 10, 2, '04014', NULL),
(83, '2021-04-26', 91, 8, 102, 440.9, NULL, 80, 624, NULL, 2, '04014', NULL),
(84, '2021-04-26', 91, 2, 102, 159.5, 1, 81, 260, 10, 2, '04014', NULL),
(85, '2021-04-26', 91, 8, 102, 440.9, NULL, 82, 624, NULL, 2, '04014', NULL),
(86, '2021-04-26', 91, 8, 102, 440.9, NULL, 83, 624, NULL, 2, '04014', NULL),
(87, '2021-04-26', 91, 2, 102, 159.5, 1, 84, 260, 10, 2, '04014', NULL),
(88, '2021-04-26', 91, 8, 102, 440.9, NULL, 85, 624, NULL, 2, '04014', NULL),
(89, '2021-04-26', 91, 4, 102, 159.5, 1, 86, 260, 10, 2, '04014', NULL),
(90, '2021-04-26', 91, 2, 102, 440.9, NULL, 87, 624, NULL, 2, '04014', NULL),
(91, '2021-04-26', 91, 4, 102, 159.5, 1, 88, 260, 10, 2, '04014', NULL),
(92, '2021-04-26', 91, 2, 102, 440.9, NULL, 89, 624, NULL, 2, '04014', NULL),
(93, '2021-04-26', 91, 4, 102, 159.5, 1, 90, 260, 10, 2, '04014', NULL),
(94, '2021-04-26', 91, 2, 102, 440.9, NULL, 91, 624, NULL, 2, '04014', NULL),
(95, '2021-04-26', 91, 4, 102, 159.5, 1, 92, 260, 10, 2, '04014', NULL),
(96, '2021-04-26', 91, 2, 102, 440.9, NULL, 93, 624, NULL, 2, '04014', NULL),
(97, '2021-04-26', 91, 4, 102, 159.5, 1, 94, 260, 10, 2, '04014', NULL),
(98, '2021-04-26', 91, 8, 102, 95.3, NULL, 95, 104, NULL, 2, '04014', NULL),
(99, '2021-04-27', 91, 2, 102, 440.9, NULL, 96, 624, NULL, 2, '04014', NULL),
(100, '2021-04-27', 91, 6, 102, 159.5, 1, 97, 260, 10, 2, '04014', NULL),
(101, '2021-04-27', 91, 8, 102, 95.3, NULL, 98, 104, NULL, 2, '04014', NULL),
(102, '2021-04-27', 91, 1, 102, 440.9, NULL, 99, 624, NULL, 2, '04014', NULL),
(103, '2021-04-27', 91, 4, 102, 159.5, 1, 100, 260, 10, 2, '04014', NULL),
(104, '2021-04-27', 91, 8, 102, 95.3, NULL, 101, 104, NULL, 2, '04014', NULL),
(105, '2021-04-27', 91, 1, 102, 440.9, NULL, 102, 624, NULL, 2, '04014', NULL),
(106, '2021-04-27', 91, 4, 102, 159.5, 1, 103, 260, 10, 2, '04014', NULL),
(107, '2021-04-27', 91, 8, 102, 95.3, NULL, 104, 104, NULL, 2, '04014', NULL),
(108, '2021-04-27', 91, 1, 102, 440.9, NULL, 105, 624, NULL, 2, '04014', NULL),
(109, '2021-04-27', 91, 5, 102, 159.5, 1, 106, 260, 10, 2, '04014', NULL),
(110, '2021-04-27', 91, 8, 102, 95.3, NULL, 107, 104, NULL, 2, '04014', NULL),
(111, '2021-04-27', 91, 1, 102, 440.9, NULL, 108, 624, NULL, 2, '04014', NULL),
(112, '2021-04-27', 91, 6, 102, 159.5, 1, 109, 260, 10, 2, '04014', NULL),
(113, '2021-04-27', 91, 8, 102, 95.3, NULL, 110, 104, NULL, 2, '04014', NULL),
(114, '2021-04-27', 91, 1, 102, 51.3, NULL, 111, 104, NULL, 7, '04510', NULL),
(115, '2021-04-27', 91, 1, 102, 95.3, NULL, 112, 104, NULL, 2, '04014', NULL),
(116, '2021-04-27', 91, 3, 102, 95.3, NULL, 113, 104, NULL, 2, '04014', NULL),
(117, '2021-05-08', 91, 3, 102, 440.9, NULL, 114, 624, NULL, 2, '04014', NULL),
(118, '2021-05-08', 91, 3, 102, 440.9, NULL, 115, 624, NULL, 2, '04014', NULL),
(119, '2021-05-08', 91, 1, 102, 440.9, NULL, 116, 624, NULL, 2, '04014', NULL),
(120, '2021-05-08', 91, 3, 102, 159.5, 1, 117, 260, 10, 2, '04014', NULL),
(121, '2021-05-08', 91, 8, 102, 95.3, NULL, 118, 104, NULL, 2, '04014', NULL),
(122, '2021-05-08', 91, 1, 102, 440.9, NULL, 119, 624, NULL, 2, '04014', NULL),
(123, '2021-05-08', 91, 4, 102, 159.5, 1, 120, 260, 10, 2, '04014', NULL),
(124, '2021-05-08', 91, 8, 102, 95.3, NULL, 121, 104, NULL, 2, '04014', NULL),
(125, '2021-05-09', 91, 1, 102, 440.9, NULL, 122, 624, NULL, 2, '04014', NULL),
(126, '2021-05-09', 91, 5, 102, 159.5, 1, 123, 260, 10, 2, '04014', NULL),
(127, '2021-05-09', 91, 8, 102, 95.3, NULL, 124, 104, NULL, 2, '04014', NULL),
(128, '2021-05-09', 91, 1, 102, 440.9, NULL, 125, 624, NULL, 2, '04014', NULL),
(129, '2021-05-09', 91, 5, 102, 159.5, 1, 126, 260, 10, 2, '04014', NULL),
(130, '2021-05-09', 91, 8, 102, 95.3, NULL, 127, 104, NULL, 2, '04014', NULL),
(131, '2021-05-09', 91, 1, 102, 440.9, NULL, 128, 624, NULL, 2, '04014', NULL),
(132, '2021-05-09', 91, 5, 102, 159.5, 1, 129, 260, 10, 2, '04014', NULL),
(133, '2021-05-09', 91, 8, 102, 95.3, NULL, 130, 104, NULL, 2, '04014', NULL),
(134, '2021-05-09', 91, 1, 102, 440.9, NULL, 131, 624, NULL, 2, '04014', NULL),
(135, '2021-05-09', 91, 5, 102, 159.5, 1, 132, 260, 10, 2, '04014', NULL),
(136, '2021-05-09', 91, 8, 102, 95.3, NULL, 133, 104, NULL, 2, '04014', NULL),
(137, '2021-05-09', 91, 1, 102, 440.9, NULL, 134, 624, NULL, 2, '04014', NULL),
(138, '2021-05-09', 91, 6, 102, 159.5, 1, 135, 260, 10, 2, '04014', NULL),
(139, '2021-05-09', 91, 8, 102, 95.3, NULL, 136, 104, NULL, 2, '04014', NULL),
(140, '2021-05-09', 91, 1, 102, 440.9, NULL, 137, 624, NULL, 2, '04014', NULL),
(141, '2021-05-09', 91, 6, 102, 159.5, 1, 138, 260, 10, 2, '04014', NULL),
(142, '2021-05-09', 91, 8, 102, 95.3, NULL, 139, 104, NULL, 2, '04014', NULL),
(143, '2021-05-09', 91, 1, 102, 440.9, NULL, 140, 624, NULL, 2, '04014', NULL),
(144, '2021-05-09', 91, 5, 102, 159.5, 1, 141, 260, 10, 2, '04014', NULL),
(145, '2021-05-09', 91, 8, 102, 95.3, NULL, 142, 104, NULL, 2, '04014', NULL),
(146, '2021-05-09', 91, 1, 102, 440.9, NULL, 143, 624, NULL, 2, '04014', NULL),
(147, '2021-05-09', 91, 5, 102, 159.5, 1, 144, 260, 10, 2, '04014', NULL),
(148, '2021-05-09', 91, 8, 102, 95.3, NULL, 145, 104, NULL, 2, '04014', NULL),
(149, '2021-05-09', 91, 1, 102, 440.9, NULL, 146, 624, NULL, 2, '04014', NULL),
(150, '2021-05-09', 91, 5, 102, 159.5, 1, 147, 260, 10, 2, '04014', NULL),
(151, '2021-05-09', 91, 8, 102, 95.3, NULL, 148, 104, NULL, 2, '04014', NULL),
(152, '2021-05-09', 91, 1, 102, 440.9, NULL, 149, 624, NULL, 2, '04014', NULL),
(153, '2021-05-09', 91, 6, 102, 159.5, 1, 150, 260, 10, 2, '04014', NULL),
(154, '2021-05-09', 91, 8, 102, 95.3, NULL, 151, 104, NULL, 2, '04014', NULL),
(155, '2021-05-09', 91, 1, 102, 440.9, NULL, 152, 624, NULL, 2, '04014', NULL),
(156, '2021-05-09', 91, 6, 102, 159.5, 1, 153, 260, 10, 2, '04014', NULL),
(157, '2021-05-09', 91, 8, 102, 95.3, NULL, 154, 104, NULL, 2, '04014', NULL),
(158, '2021-05-09', 91, 1, 102, 521.3, NULL, 155, 1664, NULL, 2, '04014', NULL),
(159, '2021-05-09', 91, 1, 102, 521.3, NULL, 156, 1664, NULL, 2, '04014', NULL),
(160, '2021-05-09', 91, 6, 102, 521.3, NULL, 157, 1664, NULL, 2, '04014', NULL),
(161, '2021-05-09', 91, 1, 102, 521.3, NULL, 158, 1664, NULL, 2, '04014', NULL),
(162, '2021-05-09', 91, 1, 102, 521.3, NULL, 159, 1664, NULL, 2, '04014', NULL),
(163, '2021-05-09', 91, 1, 102, 521.3, NULL, 160, 1664, NULL, 2, '04014', NULL),
(164, '2021-05-09', 91, 1, 102, 521.3, NULL, 161, 1664, NULL, 2, '04014', NULL),
(165, '2021-05-09', 91, 3, 102, 521.3, NULL, 162, 1664, NULL, 2, '04014', NULL),
(166, '2021-05-09', 91, 1, 102, 521.3, NULL, 163, 1664, NULL, 2, '04014', NULL),
(167, '2021-05-09', 91, 1, 102, 521.3, NULL, 164, 1664, NULL, 2, '04014', NULL),
(168, '2021-05-09', 91, 1, 102, 521.3, NULL, 165, 1664, NULL, 2, '04014', NULL),
(169, '2021-05-09', 91, 1, 102, 521.3, NULL, 166, 1664, NULL, 2, '04014', NULL),
(170, '2021-05-09', 91, 1, 102, 521.3, NULL, 167, 1664, NULL, 2, '04014', NULL),
(171, '2021-05-09', 91, 6, 107, 43.9, 1, 168, 260, 10, 1, '04014', NULL),
(172, '2021-05-09', 91, 8, 102, 95.3, NULL, 169, 104, NULL, 2, '04014', NULL),
(173, '2021-05-09', 91, 1, 102, 521.3, NULL, 170, 1664, NULL, 2, '04014', NULL),
(174, '2021-05-09', 91, 6, 108, 43.9, 1, 171, 260, 10, 1, '04014', NULL),
(175, '2021-05-09', 91, 8, 102, 95.3, NULL, 172, 104, NULL, 2, '04014', NULL),
(176, '2021-05-09', 91, 1, 102, 521.3, NULL, 173, 1664, NULL, 2, '04014', NULL),
(177, '2021-05-09', 91, 6, 109, 43.9, 1, 174, 260, 10, 1, '04014', NULL),
(178, '2021-05-09', 91, 8, 102, 95.3, NULL, 175, 104, NULL, 2, '04014', NULL),
(179, '2021-05-09', 91, 1, 102, 521.3, NULL, 176, 1664, NULL, 2, '04014', NULL),
(180, '2021-05-09', 91, 6, 110, 43.9, 1, 177, 260, 10, 1, '04014', NULL),
(181, '2021-05-09', 91, 8, 102, 95.3, NULL, 178, 104, NULL, 2, '04014', NULL),
(182, '2021-05-11', 91, 1, 102, 521.3, NULL, 179, 1664, NULL, 2, '04014', NULL),
(183, '2021-05-11', 91, 6, 111, 43.9, 1, 180, 260, 10, 1, '04014', NULL),
(184, '2021-05-11', 91, 8, 102, 95.3, NULL, 181, 104, NULL, 2, '04014', NULL),
(185, '2021-05-11', 91, 1, 102, 521.3, NULL, 182, 1664, NULL, 2, '04014', NULL),
(186, '2021-05-11', 91, 6, 112, 43.9, 1, 183, 260, 10, 1, '04014', NULL),
(187, '2021-05-11', 91, 8, 102, 95.3, NULL, 184, 104, NULL, 2, '04014', NULL),
(188, '2021-05-11', 91, 1, 102, 521.3, NULL, 185, 1664, NULL, 2, '04014', NULL),
(189, '2021-05-11', 91, 6, 113, 43.9, 1, 186, 260, 10, 1, '04014', NULL),
(190, '2021-05-11', 91, 8, 102, 95.3, NULL, 187, 104, NULL, 2, '04014', NULL),
(191, '2021-05-11', 91, 1, 102, 521.3, NULL, 188, 1664, NULL, 2, '04014', NULL),
(192, '2021-05-11', 91, 6, 114, 43.9, 1, 189, 260, 10, 1, '04014', NULL),
(193, '2021-05-11', 91, 8, 102, 95.3, NULL, 190, 104, NULL, 2, '04014', NULL),
(194, '2021-05-11', 91, 1, 102, 521.3, NULL, 191, 1664, NULL, 2, '04014', NULL),
(195, '2021-05-11', 91, 7, 115, 43.9, 1, 192, 260, 10, 1, '04014', NULL),
(196, '2021-05-11', 91, 8, 102, 95.3, NULL, 193, 104, NULL, 2, '04014', NULL),
(197, '2021-05-11', 91, 1, 102, 521.3, NULL, 194, 1664, NULL, 2, '04014', NULL),
(198, '2021-05-11', 91, 7, 116, 43.9, 1, 195, 260, 10, 1, '04014', NULL),
(199, '2021-05-11', 91, 8, 102, 95.3, NULL, 196, 104, NULL, 2, '04014', NULL),
(200, '2021-05-11', 91, 1, 102, 521.3, NULL, 197, 1664, NULL, 2, '04014', NULL),
(201, '2021-05-11', 91, 7, 117, 43.9, 1, 198, 260, 10, 1, '04014', NULL),
(202, '2021-05-11', 91, 8, 102, 95.3, NULL, 199, 104, NULL, 2, '04014', NULL),
(203, '2021-05-11', 91, 1, 102, 521.3, NULL, 200, 1664, NULL, 2, '04014', NULL),
(204, '2021-05-11', 91, 7, 118, 43.9, 1, 201, 260, 10, 1, '04014', NULL),
(205, '2021-05-11', 91, 8, 102, 95.3, NULL, 202, 104, NULL, 2, '04014', NULL),
(206, '2021-05-11', 91, 1, 102, 521.3, NULL, 203, 1664, NULL, 2, '04014', NULL),
(207, '2021-05-11', 91, 7, 119, 43.9, 1, 204, 260, 10, 1, '04014', NULL),
(208, '2021-05-11', 91, 8, 102, 95.3, NULL, 205, 104, NULL, 2, '04014', NULL),
(209, '2021-05-11', 91, 1, 102, 521.3, NULL, 206, 1664, NULL, 2, '04014', NULL),
(210, '2021-05-11', 91, 7, 120, 43.9, 1, 207, 260, 10, 1, '04014', NULL),
(211, '2021-05-11', 91, 8, 102, 95.3, NULL, 208, 104, NULL, 2, '04014', NULL),
(212, '2021-05-11', 91, 1, 102, 521.3, NULL, 209, 1664, NULL, 2, '04014', NULL),
(213, '2021-05-11', 91, 7, 121, 43.9, 1, 210, 260, 10, 1, '04014', NULL),
(214, '2021-05-11', 91, 5, 102, 73, NULL, 212, 52, NULL, 2, '04014', NULL),
(215, '2021-05-22', 91, 7, 103, 145.8, NULL, 213, 60, NULL, 29, '04510', NULL),
(216, '2021-06-04', 91, 2, 102, 300.2, NULL, 214, 1512, NULL, 2, '04014', NULL),
(217, '2021-06-04', 91, 7, 102, 300.2, NULL, 215, 1512, NULL, 2, '04014', NULL),
(218, '2021-06-04', 91, 1, 102, 300.2, NULL, 216, 1512, NULL, 2, '04014', NULL),
(219, '2021-06-04', 91, 1, 102, 300.2, NULL, 217, 1512, NULL, 2, '04014', NULL),
(220, '2021-06-04', 91, 1, 102, 300.2, NULL, 218, 1512, NULL, 2, '04014', NULL),
(221, '2021-06-04', 91, 8, 134, 31.9, NULL, 219, 1500, NULL, 1, '04014', NULL),
(222, '2021-06-04', 91, 1, 102, 300.2, NULL, 220, 1512, NULL, 2, '04014', NULL),
(223, '2021-06-04', 91, 7, 135, 31.9, NULL, 221, 1500, NULL, 1, '04014', NULL),
(224, '2021-06-04', 91, 3, 102, 300.2, NULL, 222, 1512, NULL, 2, '04014', NULL),
(225, '2021-06-04', 91, 1, 102, 300.2, NULL, 223, 1512, NULL, 2, '04014', NULL),
(226, '2021-06-04', 91, 1, 102, 300.2, NULL, 224, 1512, NULL, 2, '04014', NULL),
(227, '2021-06-04', 91, 1, 102, 300.2, NULL, 225, 1512, NULL, 2, '04014', NULL),
(228, '2021-06-04', 91, 1, 136, 31.9, NULL, 226, 1500, NULL, 1, '04014', NULL),
(229, '2021-06-04', 91, 1, 102, 300.2, NULL, 227, 1512, NULL, 2, '04014', NULL),
(230, '2021-06-04', 91, 1, 102, 300.2, NULL, 228, 1512, NULL, 2, '04014', NULL),
(231, '2021-06-04', 91, 4, 137, 31.9, NULL, 229, 1500, NULL, 1, '04014', NULL),
(232, '2021-06-04', 91, 2, 102, 300.2, NULL, 230, 1512, NULL, 2, '04014', NULL),
(233, '2021-06-04', 91, 7, 138, 31.9, NULL, 231, 1500, NULL, 1, '04014', NULL),
(234, '2021-06-04', 91, 8, 102, 73, NULL, 232, 600, NULL, 2, '04014', NULL),
(235, '2021-06-05', 91, 2, 102, 300.2, NULL, 233, 1512, NULL, 2, '04014', NULL),
(236, '2021-06-05', 91, 7, 139, 31.9, NULL, 234, 1500, NULL, 1, '04014', NULL),
(237, '2021-06-05', 91, 8, 102, 73, NULL, 235, 600, NULL, 2, '04014', NULL),
(238, '2021-06-05', 91, 1, 102, 300.2, NULL, 236, 1512, NULL, 2, '04014', NULL),
(239, '2021-06-05', 91, 7, 140, 31.9, NULL, 237, 1500, NULL, 1, '04014', NULL),
(240, '2021-06-05', 91, 8, 102, 73, NULL, 238, 600, NULL, 2, '04014', NULL),
(241, '2021-06-05', 91, 1, 102, 300.2, NULL, 239, 1512, NULL, 2, '04014', NULL),
(242, '2021-06-05', 91, 8, 141, 31.9, NULL, 240, 1500, NULL, 1, '04014', NULL),
(243, '2021-06-05', 91, 8, 102, 73, NULL, 241, 600, NULL, 2, '04014', NULL),
(244, '2021-06-05', 91, 2, 102, 300.2, NULL, 242, 1512, NULL, 2, '04014', NULL),
(245, '2021-06-05', 91, 7, 142, 31.9, NULL, 243, 1500, NULL, 1, '04014', NULL),
(246, '2021-06-05', 91, 8, 102, 73, NULL, 244, 600, NULL, 2, '04014', NULL),
(247, '2021-06-05', 91, 2, 102, 300.2, NULL, 245, 1512, NULL, 2, '04014', NULL),
(248, '2021-06-05', 91, 7, 143, 31.9, NULL, 246, 1500, NULL, 1, '04014', NULL),
(249, '2021-06-05', 91, 8, 102, 73, NULL, 247, 600, NULL, 2, '04014', NULL),
(250, '2021-06-05', 91, 2, 102, 300.2, NULL, 248, 1512, NULL, 2, '04014', NULL),
(251, '2021-06-05', 91, 7, 144, 31.9, NULL, 249, 1500, NULL, 1, '04014', NULL),
(252, '2021-06-05', 91, 8, 102, 73, NULL, 250, 600, NULL, 2, '04014', NULL),
(253, '2021-06-05', 91, 2, 102, 300.2, NULL, 251, 1512, NULL, 2, '04014', NULL),
(254, '2021-06-05', 91, 7, 145, 31.9, NULL, 252, 1500, NULL, 1, '04014', NULL),
(255, '2021-06-05', 91, 8, 102, 73, NULL, 253, 600, NULL, 2, '04014', NULL),
(256, '2021-06-05', 91, 2, 102, 300.2, NULL, 254, 1512, NULL, 2, '04014', NULL),
(257, '2021-06-05', 91, 7, 146, 31.9, NULL, 255, 1500, NULL, 1, '04014', NULL),
(258, '2021-06-05', 91, 8, 102, 73, NULL, 256, 600, NULL, 2, '04014', NULL),
(259, '2021-06-05', 91, 2, 102, 300.2, NULL, 257, 1512, NULL, 2, '04014', NULL),
(260, '2021-06-05', 91, 7, 147, 31.9, NULL, 258, 1500, NULL, 1, '04014', '2021-06-09'),
(261, '2021-06-05', 91, 8, 102, 73, NULL, 259, 600, NULL, 2, '04014', NULL),
(262, '2021-06-05', 91, 1, 102, 300.2, NULL, 260, 1512, NULL, 2, '04014', NULL),
(263, '2021-06-05', 91, 7, 148, 31.9, NULL, 261, 1500, NULL, 1, '04014', NULL),
(264, '2021-06-05', 91, 8, 102, 73, NULL, 262, 600, NULL, 2, '04014', NULL),
(265, '2021-06-05', 91, 2, 102, 300.2, NULL, 263, 1512, NULL, 2, '04014', '2021-06-09'),
(266, '2021-06-05', 91, 7, 149, 31.9, NULL, 264, 1500, NULL, 1, '04014', NULL),
(267, '2021-06-05', 91, 8, 102, 73, NULL, 265, 600, NULL, 2, '04014', NULL),
(268, '2021-06-09', 91, 4, 102, 300.2, NULL, 266, 1512, NULL, 2, '04014', '2021-06-09'),
(269, '2021-06-09', 91, 2, 102, 300.2, NULL, 267, 1512, NULL, 2, '04014', '2021-06-09'),
(270, '2021-06-09', 91, 1, 102, 300.2, NULL, 268, 1512, NULL, 2, '04014', NULL),
(271, '2021-06-09', 91, 4, 150, 31.9, NULL, 269, 1500, NULL, 1, '04014', '2021-06-09'),
(272, '2021-06-09', 91, 1, 102, 300.2, NULL, 270, 1512, NULL, 2, '04014', NULL),
(273, '2021-06-09', 91, 4, 151, 31.9, NULL, 271, 1500, NULL, 1, '04014', '2021-06-09'),
(274, '2021-06-09', 91, 8, 102, 73, NULL, 272, 600, NULL, 2, '04014', NULL),
(275, '2021-06-13', 91, 1, 102, 179.6, NULL, 273, 15, NULL, 2, '04014', NULL),
(276, '2021-06-13', 91, 1, 102, 179.6, NULL, 274, 15, NULL, 2, '04014', NULL),
(277, '2021-06-13', 91, 1, 102, 179.6, 1, 275, 15, 10, 2, '04014', NULL),
(278, '2021-06-13', 91, 4, 102, 300.2, NULL, 276, 1512, NULL, 2, '04014', '2021-06-13'),
(279, '2021-06-13', 91, 2, 102, 300.2, NULL, 277, 1512, NULL, 2, '04014', '2021-06-13'),
(280, '2021-06-13', 91, 1, 102, 300.2, NULL, 278, 1512, NULL, 2, '04014', NULL),
(281, '2021-06-13', 91, 5, 152, 31.9, 1, 279, 1500, 10, 1, '04014', '2021-06-13'),
(282, '2021-06-13', 91, 8, 102, 73, NULL, 280, 600, NULL, 2, '04014', NULL),
(283, '2021-06-13', 91, 1, 102, 300.2, NULL, 281, 1512, NULL, 2, '04014', NULL),
(284, '2021-06-13', 91, 5, 153, 31.9, 1, 282, 1500, 10, 1, '04014', '2021-06-13'),
(285, '2021-06-13', 91, 8, 102, 73, NULL, 283, 600, NULL, 2, '04014', NULL),
(286, '2021-06-13', 91, 1, 102, 300.2, NULL, 284, 1512, NULL, 2, '04014', NULL),
(287, '2021-06-13', 91, 7, 154, 31.9, 1, 285, 1500, 10, 1, '04014', '2021-06-13'),
(288, '2021-06-13', 91, 8, 102, 73, NULL, 286, 600, NULL, 2, '04014', NULL);

-- --------------------------------------------------------

--
-- Estrutura da tabela `pedidos_cartoes`
--

CREATE TABLE `pedidos_cartoes` (
  `idPedidoProduto` bigint(20) NOT NULL,
  `idPedido` bigint(20) NOT NULL,
  `idCartao` bigint(20) NOT NULL,
  `valor` double NOT NULL
) ENGINE=InnoDB DEFAULT CHARSET=utf8 COLLATE=utf8_unicode_ci;

--
-- Extraindo dados da tabela `pedidos_cartoes`
--

INSERT INTO `pedidos_cartoes` (`idPedidoProduto`, `idPedido`, `idCartao`, `valor`) VALUES
(1, 1, 1, 5),
(2, 1, 1, 4),
(3, 1, 1, 3),
(4, 1, 1, 2),
(5, 26, 1, 2),
(6, 27, 6, 3),
(7, 27, 9, 1),
(8, 28, 1, 50),
(9, 29, 1, 120),
(10, 30, 1, 15),
(11, 31, 1, 4),
(12, 32, 1, 2),
(13, 33, 1, 5),
(14, 34, 1, 5),
(15, 35, 1, 5),
(16, 36, 1, 5),
(18, 38, 1, 17),
(19, 39, 1, 862.2),
(20, 40, 1, 166.4),
(21, 41, 1, 153.9),
(22, 42, 1, 100.9),
(23, 43, 1, 166.4),
(24, 44, 13, 166.4),
(25, 45, 13, 165.4),
(26, 46, 13, 819.9),
(27, 47, 13, 166.4),
(28, 48, 14, 1166.1),
(29, 49, 14, 388.2),
(30, 50, 14, 323.5),
(31, 51, 14, 142),
(32, 52, 14, 323.5),
(33, 53, 14, 201.6),
(34, 54, 14, 153.9),
(35, 55, 14, 153.9),
(36, 56, 14, 201.6),
(37, 57, 15, 201.6),
(38, 58, 14, 201.6),
(39, 59, 14, 97.8),
(40, 60, 14, 323.5),
(41, 61, 14, 97.8),
(42, 62, 14, 181.6),
(43, 62, 15, 20),
(44, 63, 14, 201.6),
(45, 64, 14, 1064.9),
(46, 65, 14, 1064.9),
(47, 66, 14, 1064.9),
(48, 67, 14, 1064.9),
(49, 68, 14, 1064.9),
(50, 69, 14, 1064.9),
(51, 70, 14, 1064.9),
(52, 71, 14, 1064.9),
(53, 72, 14, 1064.9),
(54, 73, 14, 1064.9),
(55, 74, 14, 1064.9),
(56, 75, 14, 1064.9),
(57, 76, 14, 1064.9),
(58, 77, 14, 1064.9),
(59, 78, 14, 319.8),
(60, 78, 21, 20),
(61, 79, 14, 1064.9),
(62, 80, 14, 319.8),
(63, 80, 22, 20),
(64, 81, 14, 1064.9),
(65, 82, 14, 319.8),
(66, 82, 23, 20),
(67, 83, 14, 1064.9),
(68, 84, 14, 319.8),
(69, 84, 24, 20),
(70, 85, 14, 1064.9),
(71, 86, 14, 1064.9),
(72, 87, 14, 319.8),
(73, 87, 25, 20),
(74, 88, 14, 1064.9),
(75, 89, 14, 319.8),
(76, 89, 26, 20),
(77, 90, 14, 1064.9),
(78, 91, 14, 319.8),
(79, 91, 27, 20),
(80, 92, 14, 1064.9),
(81, 93, 14, 319.8),
(82, 93, 28, 20),
(83, 94, 14, 1064.9),
(84, 95, 14, 319.8),
(85, 95, 29, 20),
(86, 96, 14, 1064.9),
(87, 97, 14, 319.8),
(88, 97, 30, 20),
(89, 98, 15, 199.3),
(90, 99, 14, 1064.9),
(91, 100, 14, 319.8),
(92, 100, 31, 20),
(93, 101, 15, 199.3),
(94, 102, 14, 1064.9),
(95, 103, 14, 319.8),
(96, 103, 32, 20),
(97, 104, 15, 199.3),
(98, 105, 14, 1064.9),
(99, 106, 14, 319.8),
(100, 106, 33, 20),
(101, 107, 15, 199.3),
(102, 108, 14, 1064.9),
(103, 109, 14, 319.8),
(104, 109, 34, 20),
(105, 110, 15, 199.3),
(106, 111, 14, 1064.9),
(107, 112, 14, 319.8),
(108, 112, 35, 20),
(109, 113, 15, 199.3),
(110, 114, 14, 51.4),
(111, 115, 14, 95.3),
(112, 116, 14, 95.3),
(113, 117, 14, 1064.9),
(114, 118, 14, 1064.9),
(115, 119, 14, 1064.9),
(116, 120, 14, 319.8),
(117, 120, 36, 20),
(118, 121, 15, 199.3),
(119, 122, 14, 1064.9),
(120, 123, 14, 319.8),
(121, 123, 37, 20),
(122, 124, 15, 199.3),
(123, 125, 14, 1064.9),
(124, 126, 14, 319.8),
(125, 126, 38, 20),
(126, 127, 15, 199.3),
(127, 128, 14, 1064.9),
(128, 129, 14, 319.8),
(129, 129, 39, 20),
(130, 130, 15, 199.3),
(131, 131, 14, 1064.9),
(132, 132, 14, 319.8),
(133, 132, 40, 20),
(134, 133, 15, 199.3),
(135, 134, 14, 1064.9),
(136, 135, 14, 319.8),
(137, 135, 41, 20),
(138, 136, 15, 199.3),
(139, 137, 14, 1064.9),
(140, 138, 14, 319.8),
(141, 138, 42, 20),
(142, 139, 15, 199.3),
(143, 140, 14, 1064.9),
(144, 141, 14, 319.8),
(145, 141, 43, 20),
(146, 142, 15, 199.3),
(147, 143, 14, 1064.9),
(148, 144, 14, 319.8),
(149, 144, 44, 20),
(150, 145, 15, 199.3),
(151, 146, 14, 1064.9),
(152, 147, 14, 319.8),
(153, 147, 45, 20),
(154, 148, 15, 199.3),
(155, 149, 14, 1064.9),
(156, 150, 14, 319.8),
(157, 150, 46, 20),
(158, 151, 15, 199.3),
(159, 152, 14, 1064.9),
(160, 153, 14, 319.8),
(161, 153, 47, 20),
(162, 154, 15, 199.3),
(163, 155, 14, 1064.9),
(164, 156, 14, 319.8),
(165, 156, 48, 20),
(166, 157, 15, 199.3),
(167, 158, 14, 2185.3),
(168, 159, 14, 2185.3),
(169, 160, 14, 2185.3),
(170, 161, 14, 2185.3),
(171, 162, 14, 2185.3),
(172, 163, 14, 2185.3),
(173, 164, 14, 2185.3),
(174, 165, 14, 2185.3),
(175, 166, 14, 2185.3),
(176, 167, 14, 2185.3),
(177, 168, 14, 2185.3),
(178, 169, 14, 2185.3),
(179, 170, 14, 2185.3),
(180, 171, 14, 210),
(181, 171, 49, 20),
(182, 172, 15, 199.3),
(183, 173, 14, 2185.3),
(184, 174, 14, 210),
(185, 174, 50, 20),
(186, 175, 15, 199.3),
(187, 176, 14, 2185.3),
(188, 177, 14, 210),
(189, 177, 51, 20),
(190, 178, 15, 199.3),
(191, 179, 14, 2185.3),
(192, 180, 14, 210),
(193, 180, 52, 20),
(194, 181, 15, 199.3),
(195, 182, 14, 2185.3),
(196, 183, 14, 210),
(197, 183, 53, 20),
(198, 184, 15, 199.3),
(199, 185, 14, 2185.3),
(200, 186, 14, 210),
(201, 186, 54, 20),
(202, 187, 15, 199.3),
(203, 188, 14, 2185.3),
(204, 189, 14, 210),
(205, 189, 55, 20),
(206, 190, 15, 199.3),
(207, 191, 14, 2185.3),
(208, 192, 14, 210),
(209, 192, 56, 20),
(210, 193, 15, 199.3),
(211, 194, 14, 2185.3),
(212, 195, 14, 210),
(213, 195, 57, 20),
(214, 196, 15, 199.3),
(215, 197, 14, 2185.3),
(216, 198, 14, 210),
(217, 198, 58, 20),
(218, 199, 15, 199.3),
(219, 200, 14, 2185.3),
(220, 201, 14, 210),
(221, 201, 59, 20),
(222, 202, 15, 199.3),
(223, 203, 14, 2185.3),
(224, 204, 14, 210),
(225, 204, 60, 20),
(226, 205, 15, 199.3),
(227, 206, 14, 2185.3),
(228, 207, 14, 210),
(229, 207, 61, 20),
(230, 208, 15, 199.3),
(231, 209, 14, 2185.3),
(232, 210, 14, 210),
(233, 210, 62, 20),
(234, 211, 15, 199.3),
(235, 212, 14, 2185.3),
(236, 213, 14, 210),
(237, 213, 63, 20),
(238, 214, 14, 125),
(239, 215, 14, 205.8),
(240, 216, 14, 1812.2),
(241, 217, 14, 1812.2),
(242, 218, 14, 1812.2),
(243, 219, 14, 1812.2),
(244, 220, 14, 1812.2),
(245, 221, 14, 1470),
(246, 221, 68, 20),
(247, 222, 14, 1812.2),
(248, 223, 14, 1470),
(249, 223, 69, 20),
(250, 224, 14, 1812.2),
(251, 225, 14, 1812.2),
(252, 226, 14, 1812.2),
(253, 227, 14, 1812.2),
(254, 228, 14, 1470),
(255, 228, 70, 20),
(256, 229, 14, 1812.2),
(257, 230, 14, 1812.2),
(258, 231, 14, 1460),
(259, 231, 71, 20),
(260, 232, 14, 1812.2),
(261, 233, 14, 1460),
(262, 233, 72, 20),
(263, 234, 15, 673),
(264, 235, 14, 1812.2),
(265, 236, 14, 1460),
(266, 236, 73, 20),
(267, 237, 15, 673),
(268, 238, 14, 1812.2),
(269, 239, 14, 1460),
(270, 239, 74, 20),
(271, 240, 15, 673),
(272, 241, 14, 1812.2),
(273, 242, 14, 1460),
(274, 242, 75, 20),
(275, 243, 15, 673),
(276, 244, 14, 1812.2),
(277, 245, 14, 1460),
(278, 245, 76, 20),
(279, 246, 15, 673),
(280, 247, 14, 1812.2),
(281, 248, 14, 1460),
(282, 248, 77, 20),
(283, 249, 15, 673),
(284, 250, 14, 1812.2),
(285, 251, 14, 1460),
(286, 251, 78, 20),
(287, 252, 15, 673),
(288, 253, 14, 1812.2),
(289, 254, 14, 1460),
(290, 254, 79, 20),
(291, 255, 15, 673),
(292, 256, 14, 1812.2),
(293, 257, 14, 1460),
(294, 257, 80, 20),
(295, 258, 15, 673),
(296, 259, 14, 1812.2),
(297, 260, 14, 1460),
(298, 260, 81, 20),
(299, 261, 15, 673),
(300, 262, 14, 1812.2),
(301, 263, 14, 1460),
(302, 263, 82, 20),
(303, 264, 15, 673),
(304, 265, 14, 1812.2),
(305, 266, 14, 1460),
(306, 266, 83, 20),
(307, 267, 15, 673),
(308, 268, 14, 1812.2),
(309, 269, 14, 1812.2),
(310, 270, 14, 1812.2),
(311, 271, 14, 1460),
(312, 271, 84, 20),
(313, 272, 14, 1812.2),
(314, 273, 14, 1460),
(315, 273, 85, 20),
(316, 274, 15, 673),
(317, 275, 14, 194.6),
(318, 276, 14, 194.6),
(319, 277, 14, 192.6),
(320, 278, 14, 1812.2),
(321, 279, 14, 1812.2),
(322, 280, 14, 1812.2),
(323, 281, 14, 1440),
(324, 281, 87, 20),
(325, 282, 15, 673),
(326, 283, 14, 1812.2),
(327, 284, 14, 1440),
(328, 284, 88, 20),
(329, 285, 15, 673),
(330, 286, 14, 1812.2),
(331, 287, 14, 1440),
(332, 287, 89, 20),
(333, 288, 15, 673);

-- --------------------------------------------------------

--
-- Estrutura da tabela `solicitacoes_ativacao_livro`
--

CREATE TABLE `solicitacoes_ativacao_livro` (
  `id` bigint(20) NOT NULL,
  `dataEntrada` date NOT NULL,
  `idCategoria` bigint(20) NOT NULL,
  `justificativa` text COLLATE utf8_unicode_ci NOT NULL,
  `idLivro` bigint(20) NOT NULL,
  `idUsuario` bigint(20) NOT NULL
) ENGINE=InnoDB DEFAULT CHARSET=utf8 COLLATE=utf8_unicode_ci;

-- --------------------------------------------------------

--
-- Estrutura da tabela `solicitacoes_inativacao_livro`
--

CREATE TABLE `solicitacoes_inativacao_livro` (
  `id` bigint(20) NOT NULL,
  `dataEntrada` date NOT NULL,
  `idCategoria` bigint(20) NOT NULL,
  `justificativa` varchar(255) COLLATE utf8_unicode_ci NOT NULL,
  `idLivro` bigint(20) NOT NULL,
  `idUsuario` bigint(20) NOT NULL
) ENGINE=InnoDB DEFAULT CHARSET=utf8 COLLATE=utf8_unicode_ci;

-- --------------------------------------------------------

--
-- Estrutura da tabela `solicitacoes_troca`
--

CREATE TABLE `solicitacoes_troca` (
  `id` bigint(20) NOT NULL,
  `dataCadastro` date NOT NULL,
  `idItemCarrinho` bigint(20) NOT NULL,
  `quantidade` int(11) NOT NULL,
  `status` tinyint(4) NOT NULL
) ENGINE=InnoDB DEFAULT CHARSET=utf8 COLLATE=utf8_unicode_ci;

--
-- Extraindo dados da tabela `solicitacoes_troca`
--

INSERT INTO `solicitacoes_troca` (`id`, `dataCadastro`, `idItemCarrinho`, `quantidade`, `status`) VALUES
(4, '2021-04-12', 49, 1, 3),
(5, '2021-04-13', 49, 2, 3),
(6, '2021-04-14', 38, 1, 2),
(7, '2021-04-15', 38, 5, 4),
(9, '2021-04-20', 9, 1, 2),
(10, '2021-04-20', 9, 1, 1),
(11, '2021-04-20', 9, 1, 2),
(12, '2021-04-21', 57, 1, 3),
(13, '2021-04-25', 71, 1, 4),
(14, '2021-04-27', 188, 2, 2),
(15, '2021-05-04', 184, 2, 0),
(16, '2021-05-04', 172, 1, 1),
(17, '2021-05-08', 205, 1, 4),
(18, '2021-05-09', 214, 2, 4),
(19, '2021-05-09', 214, 2, 0),
(20, '2021-05-09', 210, 2, 4),
(21, '2021-05-09', 218, 2, 0),
(22, '2021-05-09', 210, 2, 0),
(23, '2021-05-09', 222, 2, 4),
(24, '2021-05-09', 222, 2, 4),
(25, '2021-05-09', 222, 2, 0),
(26, '2021-05-09', 228, 2, 4),
(27, '2021-05-09', 228, 2, 1),
(28, '2021-05-09', 232, 2, 4),
(29, '2021-05-09', 232, 2, 0),
(30, '2021-05-09', 236, 2, 4),
(31, '2021-05-09', 236, 2, 3),
(32, '2021-05-09', 236, 2, 0),
(33, '2021-05-09', 240, 2, 4),
(34, '2021-05-09', 240, 2, 3),
(35, '2021-05-09', 240, 2, 0),
(36, '2021-05-09', 244, 2, 4),
(37, '2021-05-09', 244, 2, 3),
(38, '2021-05-09', 244, 2, 0),
(39, '2021-05-09', 248, 2, 4),
(40, '2021-05-09', 248, 2, 3),
(41, '2021-05-09', 248, 2, 2),
(42, '2021-05-09', 252, 2, 4),
(43, '2021-05-09', 252, 2, 3),
(44, '2021-05-09', 252, 2, 2),
(45, '2021-05-09', 262, 2, 4),
(46, '2021-05-09', 262, 2, 3),
(47, '2021-05-09', 262, 2, 2),
(48, '2021-05-09', 284, 2, 4),
(49, '2021-05-09', 284, 2, 3),
(50, '2021-05-09', 284, 2, 2),
(51, '2021-05-09', 288, 2, 4),
(52, '2021-05-09', 288, 2, 3),
(53, '2021-05-09', 288, 2, 2),
(54, '2021-05-09', 292, 2, 4),
(55, '2021-05-09', 292, 2, 3),
(56, '2021-05-09', 292, 2, 2),
(57, '2021-05-09', 296, 2, 4),
(58, '2021-05-09', 296, 2, 3),
(59, '2021-05-09', 296, 2, 2),
(60, '2021-05-11', 300, 2, 4),
(61, '2021-05-11', 300, 2, 3),
(62, '2021-05-11', 300, 2, 2),
(63, '2021-05-11', 304, 2, 4),
(64, '2021-05-11', 304, 2, 3),
(65, '2021-05-11', 304, 2, 2),
(66, '2021-05-11', 308, 2, 4),
(67, '2021-05-11', 308, 2, 3),
(68, '2021-05-11', 312, 2, 4),
(69, '2021-05-11', 312, 2, 3),
(70, '2021-05-11', 312, 2, 2),
(71, '2021-05-11', 318, 2, 4),
(72, '2021-05-11', 318, 2, 3),
(73, '2021-05-11', 322, 2, 4),
(74, '2021-05-11', 322, 2, 3),
(75, '2021-05-11', 322, 2, 2),
(76, '2021-05-11', 328, 2, 4),
(77, '2021-05-11', 328, 2, 3),
(78, '2021-05-11', 328, 2, 2),
(79, '2021-05-11', 332, 2, 4),
(80, '2021-05-11', 332, 2, 3),
(81, '2021-05-11', 332, 2, 2),
(82, '2021-05-11', 336, 2, 4),
(83, '2021-05-11', 336, 2, 3),
(84, '2021-05-11', 336, 2, 2),
(85, '2021-05-11', 342, 2, 4),
(86, '2021-05-11', 342, 2, 0),
(87, '2021-05-11', 342, 2, 2),
(88, '2021-05-11', 348, 2, 4),
(89, '2021-05-11', 348, 2, 3),
(90, '2021-05-11', 348, 2, 1),
(91, '2021-05-11', 350, 1, 0),
(92, '2021-06-04', 352, 2, 4),
(93, '2021-06-04', 352, 2, 3),
(94, '2021-06-04', 373, 2, 4),
(95, '2021-06-04', 373, 2, 3),
(96, '2021-06-04', 373, 2, 2),
(97, '2021-06-04', 392, 2, 4),
(98, '2021-06-04', 392, 2, 3),
(99, '2021-06-04', 392, 2, 2),
(100, '2021-06-04', 419, 2, 4),
(101, '2021-06-04', 419, 2, 3),
(102, '2021-06-04', 419, 2, 2),
(103, '2021-06-05', 423, 2, 4),
(104, '2021-06-05', 423, 2, 3),
(105, '2021-06-05', 423, 2, 3),
(106, '2021-06-05', 427, 2, 4),
(107, '2021-06-05', 427, 2, 3),
(108, '2021-06-05', 427, 2, 2),
(109, '2021-06-05', 437, 2, 4),
(110, '2021-06-05', 437, 2, 3),
(111, '2021-06-05', 437, 2, 2),
(112, '2021-06-05', 441, 2, 4),
(113, '2021-06-05', 441, 2, 3),
(114, '2021-06-05', 441, 2, 2),
(115, '2021-06-05', 445, 2, 4),
(116, '2021-06-05', 445, 2, 3),
(117, '2021-06-05', 445, 2, 2),
(118, '2021-06-05', 449, 2, 4),
(119, '2021-06-05', 449, 2, 3),
(120, '2021-06-05', 449, 2, 2),
(121, '2021-06-05', 455, 2, 4),
(122, '2021-06-05', 455, 2, 3),
(123, '2021-06-05', 455, 2, 2),
(124, '2021-06-05', 459, 2, 4),
(125, '2021-06-05', 459, 2, 3),
(126, '2021-06-05', 459, 2, 2),
(127, '2021-06-05', 463, 2, 4),
(128, '2021-06-05', 463, 2, 3),
(129, '2021-06-05', 463, 2, 2),
(130, '2021-06-05', 467, 2, 4),
(131, '2021-06-05', 467, 2, 3),
(132, '2021-06-05', 467, 2, 2),
(133, '2021-06-09', 459, 1, 2),
(145, '2021-06-13', 499, 2, 0),
(146, '2021-06-13', 499, 3, 0),
(147, '2021-06-13', 505, 2, 4),
(148, '2021-06-13', 505, 2, 3),
(149, '2021-06-13', 505, 2, 0),
(150, '2021-06-13', 509, 2, 4),
(151, '2021-06-13', 509, 2, 3),
(152, '2021-06-13', 509, 2, 2);

-- --------------------------------------------------------

--
-- Estrutura da tabela `telefones`
--

CREATE TABLE `telefones` (
  `id` bigint(20) NOT NULL,
  `dataCadastro` date NOT NULL,
  `idTipoTelefone` bigint(20) NOT NULL,
  `idUsuario` bigint(20) NOT NULL,
  `ddd` varchar(16) COLLATE utf8_unicode_ci NOT NULL,
  `numero` varchar(20) COLLATE utf8_unicode_ci NOT NULL
) ENGINE=InnoDB DEFAULT CHARSET=utf8 COLLATE=utf8_unicode_ci;

--
-- Extraindo dados da tabela `telefones`
--

INSERT INTO `telefones` (`id`, `dataCadastro`, `idTipoTelefone`, `idUsuario`, `ddd`, `numero`) VALUES
(2, '2021-04-23', 2, 88, '11', '24578521'),
(4, '2021-04-23', 1, 88, '66', '12345678'),
(5, '2021-04-23', 1, 89, '11', '47969919'),
(6, '2021-04-23', 1, 90, '11', '12345678'),
(7, '2021-04-23', 1, 34, '11', '78945236'),
(8, '2021-04-24', 1, 91, '11', '12345678'),
(9, '2021-04-25', 1, 92, '11', '12345678'),
(10, '2021-04-25', 1, 93, '11', '12345678'),
(11, '2021-04-25', 1, 94, '11', '12345678'),
(12, '2021-06-04', 1, 95, '11', '912345678'),
(13, '2021-06-04', 1, 96, '11', '912345678'),
(14, '2021-06-04', 1, 97, '11', '912345678'),
(15, '2021-06-04', 1, 98, '11', '912345678'),
(18, '2021-06-04', 2, 98, '46', '45679876'),
(19, '2021-06-13', 1, 99, '11', '912345678'),
(20, '2021-06-13', 1, 100, '11', '912345678'),
(21, '2021-06-13', 1, 101, '11', '912345678'),
(22, '2021-06-13', 1, 102, '11', '912345678'),
(23, '2021-06-13', 1, 103, '11', '912345678'),
(24, '2021-06-13', 1, 104, '11', '56125678'),
(25, '2021-06-13', 1, 105, '11', '56125678'),
(26, '2021-06-13', 1, 106, '11', '56125678'),
(27, '2021-06-13', 2, 106, '11', '912345678'),
(29, '2021-06-13', 2, 107, '11', '912345678');

-- --------------------------------------------------------

--
-- Estrutura da tabela `tipos_clientes`
--

CREATE TABLE `tipos_clientes` (
  `id` bigint(20) NOT NULL,
  `dataCadastro` date NOT NULL,
  `nome` varchar(255) COLLATE utf8_unicode_ci NOT NULL,
  `descricao` varchar(255) COLLATE utf8_unicode_ci NOT NULL
) ENGINE=InnoDB DEFAULT CHARSET=utf8 COLLATE=utf8_unicode_ci;

--
-- Extraindo dados da tabela `tipos_clientes`
--

INSERT INTO `tipos_clientes` (`id`, `dataCadastro`, `nome`, `descricao`) VALUES
(1, '2021-02-23', 'Comprador', 'Clientes convencionais.'),
(2, '2021-02-23', 'Revendedor', 'Clientes que compram para revender. Eles podem ter algum desconto.'),
(3, '2021-02-23', 'Parceiro', 'Clientes que possuem parceria com a loja. Eles podem ter algum desconto.');

-- --------------------------------------------------------

--
-- Estrutura da tabela `tipos_documentos`
--

CREATE TABLE `tipos_documentos` (
  `id` bigint(20) NOT NULL,
  `dataCadastro` date NOT NULL,
  `nome` varchar(255) COLLATE utf8_unicode_ci NOT NULL,
  `descricao` varchar(255) COLLATE utf8_unicode_ci NOT NULL
) ENGINE=InnoDB DEFAULT CHARSET=utf8 COLLATE=utf8_unicode_ci;

--
-- Extraindo dados da tabela `tipos_documentos`
--

INSERT INTO `tipos_documentos` (`id`, `dataCadastro`, `nome`, `descricao`) VALUES
(1, '2021-02-23', 'CPF', 'Cadastro de Pessoa Física'),
(2, '2021-02-23', 'CNPJ', 'Cadastro Nacional de Pessoa Jurídica'),
(3, '2021-02-23', 'RG', 'Registro Geral'),
(4, '2021-02-23', 'SSN', 'Social Security Number');

-- --------------------------------------------------------

--
-- Estrutura da tabela `tipos_enderecos`
--

CREATE TABLE `tipos_enderecos` (
  `id` bigint(20) NOT NULL,
  `dataCadastro` date NOT NULL,
  `nome` varchar(255) COLLATE utf8_unicode_ci NOT NULL,
  `descricao` varchar(255) COLLATE utf8_unicode_ci NOT NULL
) ENGINE=InnoDB DEFAULT CHARSET=utf8 COLLATE=utf8_unicode_ci;

--
-- Extraindo dados da tabela `tipos_enderecos`
--

INSERT INTO `tipos_enderecos` (`id`, `dataCadastro`, `nome`, `descricao`) VALUES
(1, '2021-02-23', 'Residencial', 'Casa, apartamento etc.'),
(2, '2021-02-23', 'Comercial', 'Empresa');

-- --------------------------------------------------------

--
-- Estrutura da tabela `tipos_logradouros`
--

CREATE TABLE `tipos_logradouros` (
  `id` bigint(20) NOT NULL,
  `dataCadastro` date NOT NULL,
  `nome` varchar(255) COLLATE utf8_unicode_ci NOT NULL,
  `descricao` varchar(255) COLLATE utf8_unicode_ci NOT NULL
) ENGINE=InnoDB DEFAULT CHARSET=utf8 COLLATE=utf8_unicode_ci;

--
-- Extraindo dados da tabela `tipos_logradouros`
--

INSERT INTO `tipos_logradouros` (`id`, `dataCadastro`, `nome`, `descricao`) VALUES
(1, '2021-04-23', 'Rua', 'Rua'),
(2, '2021-04-23', 'Avenida', 'Avenida'),
(3, '2021-04-23', 'Viela', 'Viela'),
(4, '2021-04-23', 'Outro...', 'Outro tipo de logradouro');

-- --------------------------------------------------------

--
-- Estrutura da tabela `tipos_residencias`
--

CREATE TABLE `tipos_residencias` (
  `id` bigint(20) NOT NULL,
  `dataCadastro` date NOT NULL,
  `nome` varchar(255) COLLATE utf8_unicode_ci NOT NULL,
  `descricao` varchar(255) COLLATE utf8_unicode_ci NOT NULL
) ENGINE=InnoDB DEFAULT CHARSET=utf8 COLLATE=utf8_unicode_ci;

--
-- Extraindo dados da tabela `tipos_residencias`
--

INSERT INTO `tipos_residencias` (`id`, `dataCadastro`, `nome`, `descricao`) VALUES
(1, '2021-04-23', 'Casa', 'Casa'),
(2, '2021-04-23', 'Apartamento', 'Apartamento'),
(3, '2021-04-23', 'Outro...', 'Outro tipo de endereço');

-- --------------------------------------------------------

--
-- Estrutura da tabela `tipos_telefones`
--

CREATE TABLE `tipos_telefones` (
  `id` bigint(20) NOT NULL,
  `dataCadastro` date NOT NULL,
  `nome` varchar(255) COLLATE utf8_unicode_ci NOT NULL,
  `descricao` varchar(255) COLLATE utf8_unicode_ci NOT NULL
) ENGINE=InnoDB DEFAULT CHARSET=utf8 COLLATE=utf8_unicode_ci;

--
-- Extraindo dados da tabela `tipos_telefones`
--

INSERT INTO `tipos_telefones` (`id`, `dataCadastro`, `nome`, `descricao`) VALUES
(1, '2021-04-23', 'Residencial', 'Telefone residencial'),
(2, '2021-04-23', 'Celular', 'Telefone celular');

-- --------------------------------------------------------

--
-- Estrutura da tabela `tipos_usuarios`
--

CREATE TABLE `tipos_usuarios` (
  `id` bigint(20) NOT NULL,
  `dataCadastro` date NOT NULL,
  `nome` varchar(255) COLLATE utf8_unicode_ci NOT NULL,
  `descricao` varchar(255) COLLATE utf8_unicode_ci NOT NULL
) ENGINE=InnoDB DEFAULT CHARSET=utf8 COLLATE=utf8_unicode_ci;

--
-- Extraindo dados da tabela `tipos_usuarios`
--

INSERT INTO `tipos_usuarios` (`id`, `dataCadastro`, `nome`, `descricao`) VALUES
(1, '2021-04-23', 'Funcionário', 'Tem acesso limitado às funções do admin'),
(2, '2021-04-23', 'Administrador', 'Tem acesso total às funções do admin'),
(3, '2021-05-24', 'Gerente de vendas', 'Pode alterar o valor dos produtos abaixo da margem de lucro');

-- --------------------------------------------------------

--
-- Estrutura da tabela `usuarios`
--

CREATE TABLE `usuarios` (
  `id` bigint(20) NOT NULL,
  `dataCadastro` date NOT NULL,
  `email` varchar(255) COLLATE utf8_unicode_ci NOT NULL,
  `senha` varchar(255) COLLATE utf8_unicode_ci NOT NULL,
  `status` bigint(20) NOT NULL,
  `nome` varchar(255) COLLATE utf8_unicode_ci NOT NULL,
  `idTipoUsuario` bigint(20) NOT NULL
) ENGINE=InnoDB DEFAULT CHARSET=utf8 COLLATE=utf8_unicode_ci;

--
-- Extraindo dados da tabela `usuarios`
--

INSERT INTO `usuarios` (`id`, `dataCadastro`, `email`, `senha`, `status`, `nome`, `idTipoUsuario`) VALUES
(1, '2021-03-16', 'teste@teste.com', 'f7421e7a9f7ae15212d967531e7216fa', 1, 'teste', 2),
(2, '2021-03-16', 'saoraphael@globo.com', '482bbb67b697aeda87f533c21953ef24', 1, 'aline', 2),
(60, '2021-04-23', 'teste@adminnovo.com', '482bbb67b697aeda87f533c21953ef24', 1, 'Teste tipo admin', 1),
(61, '2021-04-24', 'teste@admin3novo.com', '482bbb67b697aeda87f533c21953ef24', 1, 'as', 1),
(62, '2021-05-27', 'gerente@vendas.com', '482bbb67b697aeda87f533c21953ef24', 1, 'gerente de vendas', 3),
(63, '2021-06-04', 'testelog@admin.com', '8f1eb6c15717c05ab80dd05d0ee9e906', 1, 'eee eea', 2);

--
-- Índices para tabelas despejadas
--

--
-- Índices para tabela `autores`
--
ALTER TABLE `autores`
  ADD PRIMARY KEY (`id`);

--
-- Índices para tabela `bairros`
--
ALTER TABLE `bairros`
  ADD PRIMARY KEY (`id`);

--
-- Índices para tabela `bandeiras`
--
ALTER TABLE `bandeiras`
  ADD PRIMARY KEY (`id`);

--
-- Índices para tabela `bloqueios_produtos`
--
ALTER TABLE `bloqueios_produtos`
  ADD PRIMARY KEY (`id`);

--
-- Índices para tabela `carrinhos`
--
ALTER TABLE `carrinhos`
  ADD PRIMARY KEY (`id`);

--
-- Índices para tabela `carrinhos_produtos`
--
ALTER TABLE `carrinhos_produtos`
  ADD PRIMARY KEY (`idCarrinhoProduto`);

--
-- Índices para tabela `cartoes_aprovados`
--
ALTER TABLE `cartoes_aprovados`
  ADD PRIMARY KEY (`id`);

--
-- Índices para tabela `cartoes_credito`
--
ALTER TABLE `cartoes_credito`
  ADD PRIMARY KEY (`id`);

--
-- Índices para tabela `categorias`
--
ALTER TABLE `categorias`
  ADD PRIMARY KEY (`id`);

--
-- Índices para tabela `categorias_ativacao`
--
ALTER TABLE `categorias_ativacao`
  ADD PRIMARY KEY (`id`);

--
-- Índices para tabela `categorias_inativacao`
--
ALTER TABLE `categorias_inativacao`
  ADD PRIMARY KEY (`id`);

--
-- Índices para tabela `cidades`
--
ALTER TABLE `cidades`
  ADD PRIMARY KEY (`id`);

--
-- Índices para tabela `clientes`
--
ALTER TABLE `clientes`
  ADD PRIMARY KEY (`id`);

--
-- Índices para tabela `configuracoes`
--
ALTER TABLE `configuracoes`
  ADD PRIMARY KEY (`id`);

--
-- Índices para tabela `cupons_desconto`
--
ALTER TABLE `cupons_desconto`
  ADD PRIMARY KEY (`id`);

--
-- Índices para tabela `cupons_troca`
--
ALTER TABLE `cupons_troca`
  ADD PRIMARY KEY (`id`);

--
-- Índices para tabela `documentos`
--
ALTER TABLE `documentos`
  ADD PRIMARY KEY (`id`);

--
-- Índices para tabela `editoras`
--
ALTER TABLE `editoras`
  ADD PRIMARY KEY (`id`);

--
-- Índices para tabela `enderecos`
--
ALTER TABLE `enderecos`
  ADD PRIMARY KEY (`id`);

--
-- Índices para tabela `estados`
--
ALTER TABLE `estados`
  ADD PRIMARY KEY (`id`);

--
-- Índices para tabela `fornecedores`
--
ALTER TABLE `fornecedores`
  ADD PRIMARY KEY (`id`);

--
-- Índices para tabela `funcoes_enderecos`
--
ALTER TABLE `funcoes_enderecos`
  ADD PRIMARY KEY (`id`);

--
-- Índices para tabela `generos`
--
ALTER TABLE `generos`
  ADD PRIMARY KEY (`id`),
  ADD KEY `id` (`id`);

--
-- Índices para tabela `grupos_precificacao`
--
ALTER TABLE `grupos_precificacao`
  ADD PRIMARY KEY (`id`);

--
-- Índices para tabela `livros`
--
ALTER TABLE `livros`
  ADD PRIMARY KEY (`id`);

--
-- Índices para tabela `livros_categorias`
--
ALTER TABLE `livros_categorias`
  ADD PRIMARY KEY (`id`);

--
-- Índices para tabela `livros_estoque`
--
ALTER TABLE `livros_estoque`
  ADD PRIMARY KEY (`id`);

--
-- Índices para tabela `logs`
--
ALTER TABLE `logs`
  ADD PRIMARY KEY (`id`);

--
-- Índices para tabela `notificacoes`
--
ALTER TABLE `notificacoes`
  ADD PRIMARY KEY (`id`);

--
-- Índices para tabela `paises`
--
ALTER TABLE `paises`
  ADD PRIMARY KEY (`id`);

--
-- Índices para tabela `pedidos`
--
ALTER TABLE `pedidos`
  ADD PRIMARY KEY (`id`);

--
-- Índices para tabela `pedidos_cartoes`
--
ALTER TABLE `pedidos_cartoes`
  ADD PRIMARY KEY (`idPedidoProduto`);

--
-- Índices para tabela `solicitacoes_ativacao_livro`
--
ALTER TABLE `solicitacoes_ativacao_livro`
  ADD PRIMARY KEY (`id`);

--
-- Índices para tabela `solicitacoes_inativacao_livro`
--
ALTER TABLE `solicitacoes_inativacao_livro`
  ADD PRIMARY KEY (`id`);

--
-- Índices para tabela `solicitacoes_troca`
--
ALTER TABLE `solicitacoes_troca`
  ADD PRIMARY KEY (`id`);

--
-- Índices para tabela `telefones`
--
ALTER TABLE `telefones`
  ADD PRIMARY KEY (`id`);

--
-- Índices para tabela `tipos_clientes`
--
ALTER TABLE `tipos_clientes`
  ADD PRIMARY KEY (`id`);

--
-- Índices para tabela `tipos_documentos`
--
ALTER TABLE `tipos_documentos`
  ADD PRIMARY KEY (`id`);

--
-- Índices para tabela `tipos_enderecos`
--
ALTER TABLE `tipos_enderecos`
  ADD PRIMARY KEY (`id`);

--
-- Índices para tabela `tipos_logradouros`
--
ALTER TABLE `tipos_logradouros`
  ADD PRIMARY KEY (`id`);

--
-- Índices para tabela `tipos_residencias`
--
ALTER TABLE `tipos_residencias`
  ADD PRIMARY KEY (`id`);

--
-- Índices para tabela `tipos_telefones`
--
ALTER TABLE `tipos_telefones`
  ADD PRIMARY KEY (`id`);

--
-- Índices para tabela `tipos_usuarios`
--
ALTER TABLE `tipos_usuarios`
  ADD PRIMARY KEY (`id`);

--
-- Índices para tabela `usuarios`
--
ALTER TABLE `usuarios`
  ADD PRIMARY KEY (`id`);

--
-- AUTO_INCREMENT de tabelas despejadas
--

--
-- AUTO_INCREMENT de tabela `autores`
--
ALTER TABLE `autores`
  MODIFY `id` bigint(20) NOT NULL AUTO_INCREMENT, AUTO_INCREMENT=3;

--
-- AUTO_INCREMENT de tabela `bairros`
--
ALTER TABLE `bairros`
  MODIFY `id` bigint(20) NOT NULL AUTO_INCREMENT, AUTO_INCREMENT=22;

--
-- AUTO_INCREMENT de tabela `bandeiras`
--
ALTER TABLE `bandeiras`
  MODIFY `id` bigint(20) NOT NULL AUTO_INCREMENT, AUTO_INCREMENT=3;

--
-- AUTO_INCREMENT de tabela `bloqueios_produtos`
--
ALTER TABLE `bloqueios_produtos`
  MODIFY `id` bigint(20) NOT NULL AUTO_INCREMENT, AUTO_INCREMENT=431;

--
-- AUTO_INCREMENT de tabela `carrinhos`
--
ALTER TABLE `carrinhos`
  MODIFY `id` bigint(20) NOT NULL AUTO_INCREMENT, AUTO_INCREMENT=287;

--
-- AUTO_INCREMENT de tabela `carrinhos_produtos`
--
ALTER TABLE `carrinhos_produtos`
  MODIFY `idCarrinhoProduto` bigint(20) NOT NULL AUTO_INCREMENT, AUTO_INCREMENT=511;

--
-- AUTO_INCREMENT de tabela `cartoes_aprovados`
--
ALTER TABLE `cartoes_aprovados`
  MODIFY `id` bigint(20) NOT NULL AUTO_INCREMENT, AUTO_INCREMENT=3;

--
-- AUTO_INCREMENT de tabela `cartoes_credito`
--
ALTER TABLE `cartoes_credito`
  MODIFY `id` bigint(20) NOT NULL AUTO_INCREMENT, AUTO_INCREMENT=101;

--
-- AUTO_INCREMENT de tabela `categorias`
--
ALTER TABLE `categorias`
  MODIFY `id` bigint(20) NOT NULL AUTO_INCREMENT, AUTO_INCREMENT=4;

--
-- AUTO_INCREMENT de tabela `categorias_ativacao`
--
ALTER TABLE `categorias_ativacao`
  MODIFY `id` bigint(20) NOT NULL AUTO_INCREMENT, AUTO_INCREMENT=4;

--
-- AUTO_INCREMENT de tabela `categorias_inativacao`
--
ALTER TABLE `categorias_inativacao`
  MODIFY `id` bigint(20) NOT NULL AUTO_INCREMENT, AUTO_INCREMENT=4;

--
-- AUTO_INCREMENT de tabela `cidades`
--
ALTER TABLE `cidades`
  MODIFY `id` bigint(20) NOT NULL AUTO_INCREMENT, AUTO_INCREMENT=14;

--
-- AUTO_INCREMENT de tabela `clientes`
--
ALTER TABLE `clientes`
  MODIFY `id` bigint(20) NOT NULL AUTO_INCREMENT, AUTO_INCREMENT=108;

--
-- AUTO_INCREMENT de tabela `configuracoes`
--
ALTER TABLE `configuracoes`
  MODIFY `id` bigint(20) NOT NULL AUTO_INCREMENT, AUTO_INCREMENT=6;

--
-- AUTO_INCREMENT de tabela `cupons_desconto`
--
ALTER TABLE `cupons_desconto`
  MODIFY `id` bigint(20) NOT NULL AUTO_INCREMENT, AUTO_INCREMENT=6;

--
-- AUTO_INCREMENT de tabela `cupons_troca`
--
ALTER TABLE `cupons_troca`
  MODIFY `id` bigint(20) NOT NULL AUTO_INCREMENT, AUTO_INCREMENT=152;

--
-- AUTO_INCREMENT de tabela `documentos`
--
ALTER TABLE `documentos`
  MODIFY `id` bigint(20) NOT NULL AUTO_INCREMENT, AUTO_INCREMENT=136;

--
-- AUTO_INCREMENT de tabela `editoras`
--
ALTER TABLE `editoras`
  MODIFY `id` bigint(20) NOT NULL AUTO_INCREMENT, AUTO_INCREMENT=3;

--
-- AUTO_INCREMENT de tabela `enderecos`
--
ALTER TABLE `enderecos`
  MODIFY `id` bigint(20) NOT NULL AUTO_INCREMENT, AUTO_INCREMENT=175;

--
-- AUTO_INCREMENT de tabela `estados`
--
ALTER TABLE `estados`
  MODIFY `id` bigint(20) NOT NULL AUTO_INCREMENT, AUTO_INCREMENT=7;

--
-- AUTO_INCREMENT de tabela `fornecedores`
--
ALTER TABLE `fornecedores`
  MODIFY `id` bigint(20) NOT NULL AUTO_INCREMENT, AUTO_INCREMENT=5;

--
-- AUTO_INCREMENT de tabela `funcoes_enderecos`
--
ALTER TABLE `funcoes_enderecos`
  MODIFY `id` bigint(20) NOT NULL AUTO_INCREMENT, AUTO_INCREMENT=4;

--
-- AUTO_INCREMENT de tabela `generos`
--
ALTER TABLE `generos`
  MODIFY `id` bigint(20) NOT NULL AUTO_INCREMENT, AUTO_INCREMENT=3;

--
-- AUTO_INCREMENT de tabela `grupos_precificacao`
--
ALTER TABLE `grupos_precificacao`
  MODIFY `id` bigint(20) NOT NULL AUTO_INCREMENT, AUTO_INCREMENT=7;

--
-- AUTO_INCREMENT de tabela `livros`
--
ALTER TABLE `livros`
  MODIFY `id` bigint(20) NOT NULL AUTO_INCREMENT, AUTO_INCREMENT=14;

--
-- AUTO_INCREMENT de tabela `livros_categorias`
--
ALTER TABLE `livros_categorias`
  MODIFY `id` bigint(20) NOT NULL AUTO_INCREMENT, AUTO_INCREMENT=21;

--
-- AUTO_INCREMENT de tabela `livros_estoque`
--
ALTER TABLE `livros_estoque`
  MODIFY `id` bigint(20) NOT NULL AUTO_INCREMENT, AUTO_INCREMENT=231;

--
-- AUTO_INCREMENT de tabela `logs`
--
ALTER TABLE `logs`
  MODIFY `id` bigint(20) NOT NULL AUTO_INCREMENT;

--
-- AUTO_INCREMENT de tabela `notificacoes`
--
ALTER TABLE `notificacoes`
  MODIFY `id` bigint(20) NOT NULL AUTO_INCREMENT, AUTO_INCREMENT=119;

--
-- AUTO_INCREMENT de tabela `paises`
--
ALTER TABLE `paises`
  MODIFY `id` bigint(20) NOT NULL AUTO_INCREMENT, AUTO_INCREMENT=5;

--
-- AUTO_INCREMENT de tabela `pedidos`
--
ALTER TABLE `pedidos`
  MODIFY `id` bigint(20) NOT NULL AUTO_INCREMENT, AUTO_INCREMENT=289;

--
-- AUTO_INCREMENT de tabela `pedidos_cartoes`
--
ALTER TABLE `pedidos_cartoes`
  MODIFY `idPedidoProduto` bigint(20) NOT NULL AUTO_INCREMENT, AUTO_INCREMENT=334;

--
-- AUTO_INCREMENT de tabela `solicitacoes_ativacao_livro`
--
ALTER TABLE `solicitacoes_ativacao_livro`
  MODIFY `id` bigint(20) NOT NULL AUTO_INCREMENT, AUTO_INCREMENT=11;

--
-- AUTO_INCREMENT de tabela `solicitacoes_inativacao_livro`
--
ALTER TABLE `solicitacoes_inativacao_livro`
  MODIFY `id` bigint(20) NOT NULL AUTO_INCREMENT, AUTO_INCREMENT=12;

--
-- AUTO_INCREMENT de tabela `solicitacoes_troca`
--
ALTER TABLE `solicitacoes_troca`
  MODIFY `id` bigint(20) NOT NULL AUTO_INCREMENT, AUTO_INCREMENT=153;

--
-- AUTO_INCREMENT de tabela `telefones`
--
ALTER TABLE `telefones`
  MODIFY `id` bigint(20) NOT NULL AUTO_INCREMENT, AUTO_INCREMENT=30;

--
-- AUTO_INCREMENT de tabela `tipos_clientes`
--
ALTER TABLE `tipos_clientes`
  MODIFY `id` bigint(20) NOT NULL AUTO_INCREMENT, AUTO_INCREMENT=4;

--
-- AUTO_INCREMENT de tabela `tipos_documentos`
--
ALTER TABLE `tipos_documentos`
  MODIFY `id` bigint(20) NOT NULL AUTO_INCREMENT, AUTO_INCREMENT=5;

--
-- AUTO_INCREMENT de tabela `tipos_enderecos`
--
ALTER TABLE `tipos_enderecos`
  MODIFY `id` bigint(20) NOT NULL AUTO_INCREMENT, AUTO_INCREMENT=3;

--
-- AUTO_INCREMENT de tabela `tipos_logradouros`
--
ALTER TABLE `tipos_logradouros`
  MODIFY `id` bigint(20) NOT NULL AUTO_INCREMENT, AUTO_INCREMENT=5;

--
-- AUTO_INCREMENT de tabela `tipos_residencias`
--
ALTER TABLE `tipos_residencias`
  MODIFY `id` bigint(20) NOT NULL AUTO_INCREMENT, AUTO_INCREMENT=4;

--
-- AUTO_INCREMENT de tabela `tipos_telefones`
--
ALTER TABLE `tipos_telefones`
  MODIFY `id` bigint(20) NOT NULL AUTO_INCREMENT, AUTO_INCREMENT=3;

--
-- AUTO_INCREMENT de tabela `tipos_usuarios`
--
ALTER TABLE `tipos_usuarios`
  MODIFY `id` bigint(20) NOT NULL AUTO_INCREMENT, AUTO_INCREMENT=4;

--
-- AUTO_INCREMENT de tabela `usuarios`
--
ALTER TABLE `usuarios`
  MODIFY `id` bigint(20) NOT NULL AUTO_INCREMENT, AUTO_INCREMENT=64;

DELIMITER $$
--
-- Eventos
--
CREATE DEFINER=`root`@`localhost` EVENT `inativarCarrinhosMeiaNoite` ON SCHEDULE EVERY 1 MINUTE STARTS '2021-04-26 00:41:17' ON COMPLETION PRESERVE ENABLE DO CALL `inativarCarrinhos`()$$

CREATE DEFINER=`root`@`localhost` EVENT `inativarLivrosEvento` ON SCHEDULE EVERY 1 MINUTE STARTS '2021-04-26 00:41:17' ON COMPLETION PRESERVE ENABLE DO CALL `inativarLivros`()$$

DELIMITER ;
COMMIT;

/*!40101 SET CHARACTER_SET_CLIENT=@OLD_CHARACTER_SET_CLIENT */;
/*!40101 SET CHARACTER_SET_RESULTS=@OLD_CHARACTER_SET_RESULTS */;
/*!40101 SET COLLATION_CONNECTION=@OLD_COLLATION_CONNECTION */;
